edition,edition_entry_id,desmoulins_page,desmoulins_chapter,desmoulins_term
desmoulins,row2,17,Chap. I,De la flambe.
desmoulins,row3,19,Chap. II,De l'acore.
desmoulins,row4,22,Chap. III,De meon.
desmoulins,row5,22,Chap. IIII,Du souchet.
desmoulins,row6,23,Chap. V,Du cardamome.
desmoulins,row7,25,Chap. VI,Du nard Indic.
desmoulins,row8,27,Chap. VII,Du nard celtic.
desmoulins,row9,29,Chap. VIII,Du nard de Montaigne.
desmoulins,row10,30,Chap. IX,Du cabaret.
desmoulins,row11,31,Chap. X,"De phu, ou grande valeriane."
desmoulins,row12,33,Chap. XI,Du malabatre.
desmoulins,row13,35,Chap. XII,De la canelle.
desmoulins,row14,35,Chap. XIII,Du cinamome.
desmoulins,row15,41,Chap. XIIII,De l'amome.
desmoulins,row16,42,Chap. XV,Du coste.
desmoulins,row17,43,Chap. XVI,Du ionc odorant.
desmoulins,row18,44,Chap. XVII,De la canne odorante.
desmoulins,row19,46,Chap. XVIII,Du baume.
desmoulins,row20,48,Chap. XIX,De l'aspalathe.
desmoulins,row21,48,Chap. XX,De la mousse d'arbre.
desmoulins,row22,51,Chap. XXI,De l'agalloche ou boi d'aloes.
desmoulins,row23,52,Chap. XXII,Du narcaphthe.
desmoulins,row24,52,Chap. XXIII,Du cancame.
desmoulins,row25,54,Chap. XXIIII,De cyphi.
desmoulins,row26,54,Chap. XXV,Du saffran.
desmoulins,row27,54,Chap. XXVI,Du crocomagme.
desmoulins,row28,55,Chap. XXVII,De l'aunee.
desmoulins,row29,56,Chap. XXVIII,"De l'huile omphacin, et de tout huile en general."
desmoulins,row30,57,Chap. XXIX,De l'huile d'olives sauvages.
desmoulins,row31,57,Chap. XXX,De l'huile cycionien.
desmoulins,row32,57,Chap. XXXI,Des raclures.
desmoulins,row33,58,Chap. XXXII,De elaeomeli.
desmoulins,row34,58,Chapitre XXXIII,De l'huile de la paulme de Christ.
desmoulins,row35,59,Chap. XXXIIII,De l'huile d'amandes.
desmoulins,row36,59,Chap. XXXV,"De l'huile de ben, sesamin, et de noix."
desmoulins,row37,60,Chap. XXXVI,"De l'huile de iusquiame, de la graine de thymelee, de saffran sauvage, des semences de Réfort, de Nielle &amp; de Moutarde."
desmoulins,row38,60,Chap. XXXVII,De l'huile de meurte.
desmoulins,row39,61,Chap. XXXVIII,De l'huile laurin.
desmoulins,row40,61,Chap. XXXIX,De l'huile de lentisque et terebinthe.
desmoulins,row41,61,Chap. XL,De l'huile de mastic.
desmoulins,row42,62,Chap. XLI,De la composition des unguens.
desmoulins,row43,62,Chap. XLII,De l'unguent rosat.
desmoulins,row44,62,Chap. XLIII,De l'unguent elatin.
desmoulins,row45,63,Chap. XLIIII,De l'unguent melin.
desmoulins,row46,63,Chap. XLV,De l'unguent enanthin.
desmoulins,row47,63,Chap. XLVI,De l'unguent telin.
desmoulins,row48,63,Chap. XLVII,De l'unguent sampsuchin.
desmoulins,row49,64,Chap. XLVIII,"De l'unguent du basilic, ou ocimin."
desmoulins,row50,64,Chap. XLIX,"De l'unguent d'Auronne, ou abrotonin."
desmoulins,row51,64,Chap. L,De l'unguent anethin.
desmoulins,row52,64,Chap. LI,"De l'unguent de lis, ou susin."
desmoulins,row53,64,Chap. LII,De l'unguent narcissin.
desmoulins,row54,65,Chap. LIII,"De l'unguent, de saffran, ou crocin."
desmoulins,row55,65,Chap. LIIII,"De l'unguent de troesne, ou cyprin."
desmoulins,row56,65,Chap. LV,"De l'unguent de racine de flambe, ou irin."
desmoulins,row57,65,Chap. LVI,"De l'unguent faict de moust, dict gleucin."
desmoulins,row58,66,Chap. LVII,De l'unguent amaracin.
desmoulins,row59,66,Chap. LVIII,De l'unguent megalin.
desmoulins,row60,66,Chap. LIX,De hedychroum.
desmoulins,row61,66,Chap. LX,De l'unguent metopium.
desmoulins,row62,66,Chap. LXI,De l'unguent mendesium.
desmoulins,row63,66,Chap. LXII,De stacte.
desmoulins,row64,67,Chap. LXIII,De l'unguent de cinnamome.
desmoulins,row65,67,Chap. LXIIII,De l'unguent nardin.
desmoulins,row66,67,Chap. LV,De l'unguent malabatrin.
desmoulins,row67,67,Chap. LXVI,"De l'unguent de violier blanc, ou iasmin."
desmoulins,row68,68,Chap. LXVII,De la myrrhe.
desmoulins,row69,70,Chap. LXVIII,De styrax.
desmoulins,row70,71,Chap. LXIX,Du bdellium.
desmoulins,row71,73,Chap. LXX,De l'encens.
desmoulins,row72,73,Chap. LXXI,De l'ecorce d'encens.
desmoulins,row73,73,Chap. LXXII,De la manne d'encens.
desmoulins,row74,73,Chap. LXXIII,De la suye d'encens.
desmoulins,row75,77,Chap. LXXIIII,Du pin et du pignet.
desmoulins,row76,84,Chap. LXXV,Du lentisque.
desmoulins,row77,86,Chap. LXXVI,Du terebinthe.
desmoulins,row78,86,Chap. LXXVII,Des autres resines.
desmoulins,row79,88,Chap. LXXVIII,De la poix liquide.
desmoulins,row80,88,Chap. LXXIX,De l'huile de poix.
desmoulins,row81,88,Chap. LXXX,De la suye de poix liquide.
desmoulins,row82,88,Chap. LXXXI,De la poix seche.
desmoulins,row83,88,Chap. LXXXII,De zopissa.
desmoulins,row84,89,Chap. LXXXIII,Du bitume ou asphalte.
desmoulins,row85,89,Chap. LXXXIIII,Du pissasphalte.
desmoulins,row86,89,Chap. LXXXV,De naphtha.
desmoulins,row87,92,Chap. LXXXVI,Du cypres.
desmoulins,row88,93,Chap. LXXXVII,Du genevrier.
desmoulins,row89,94,Chap. LXXXVIII,Du savinier.
desmoulins,row90,96,Chap. LXXXIX,Du cedre.
desmoulins,row91,99,Chap. XC,Du laurier.
desmoulins,row92,100,Chap. XCI,Du plane.
desmoulins,row93,101,Chap. XCII,Du fresne.
desmoulins,row94,102,Chap. XCIII,Du peuplier blanc et noir.
desmoulins,row95,106,Chap. XCIIII,Du macer.
desmoulins,row96,107,Chap. XCV,De l'orme.
desmoulins,row97,108,Chap. XCVI,De la vermoulure du bois.
desmoulins,row98,109,Chap. XCVII,Du roseau.
desmoulins,row99,110,Chap. XCVIII,Du papier.
desmoulins,row100,110,Chap. XCIX,Du tamaris.
desmoulins,row101,111,Chap. C,De la bruyere.
desmoulins,row102,112,Chap. CI,De acacalis.
desmoulins,row103,113,Chap. CII,Du rhamne.
desmoulins,row104,114,Chap. CIII,Du halime.
desmoulins,row105,115,Chap. CIIII,Du paliure.
desmoulins,row106,116,Chap. CV,De l'aubepin.
desmoulins,row107,120,Chap. CVI,De la ronce de chien.
desmoulins,row108,120,Chap. CVII,Du troesne.
desmoulins,row109,122,Chap. CVIII,De la phillyree.
desmoulins,row110,123,Chap. CIX,Du cyste.
desmoulins,row111,125,Chap. CX,"Du lede, et ladane."
desmoulins,row112,126,Chap. CXI,De l'ebene.
desmoulins,row113,129,Chap. CXII,De la rose.
desmoulins,row114,129,Chap. CXIII,Des trocisques des roses.
desmoulins,row115,131,Chap. CXIIII,Du lycium.
desmoulins,row116,134,Chap. CXV,De l'acacia.
desmoulins,row117,135,Chap. CXVI,De agnus castus.
desmoulins,row118,137,Chap. CXVII,Du saule.
desmoulins,row119,137,Chap. CXVIII,De l'olivier sauvage.
desmoulins,row120,138,Chap. CXIX.,De la larme de l'olivier ethiopic.
desmoulins,row121,138,Chap. CXX,De la lie des olives.
desmoulins,row122,139,Chap. CXXI,"Du chesne, du gland, du fau, de l'ieuse."
desmoulins,row123,142,Chap. CXXII,Des chastaignes.
desmoulins,row124,143,Chap. CXXIII,De la noix de galle.
desmoulins,row125,145,Chap. CXXIIII,Du sumac.
desmoulins,row126,147,Chap. CXXV,Du palmier.
desmoulins,row127,147,Chap. CXXVI,De l'escorce ou couverture des dattes en fleur.
desmoulins,row128,151,Chap. CXXVII,De la grenade.
desmoulins,row129,152,Chap. CXXVIII,Du meurte.
desmoulins,row130,154,Chap. CXXIX,Des cerises.
desmoulins,row131,156,Chap. CXXX,Des carrouges.
desmoulins,row132,157,Chap. CXXXI,Des pommes.
desmoulins,row133,163,Chap. CXXXII,Des poires.
desmoulins,row134,163,Chap. CXXXIII,Du nefflier.
desmoulins,row135,165,Chap. CXXXIIII,Du micocoulier.
desmoulins,row136,167,Chap. CXXXV,Du cornouiller.
desmoulins,row137,168,Chap. CXXXVI,Des cormes.
desmoulins,row138,169,Chap. CXXXVII,Du prunier.
desmoulins,row139,172,Chap. CXXXVIII,De l'arbousier.
desmoulins,row140,173,Chap. CXXXIX,Des amandes.
desmoulins,row141,174,Chap. CXL,Des pistaches.
desmoulins,row142,175,Chap. CXLI,De la noix.
desmoulins,row143,178,Chap. CXLII,Des noisettes.
desmoulins,row144,179,Chap. CXLIII,Du meurier.
desmoulins,row145,181,Chap. CXLIIII,Du sycomore.
desmoulins,row146,182,Chap. CXLV,Des figues.
desmoulins,row147,184,Chap. CXLVI,De persea.
desmoulins,row148,185,Chap. CXLVII,Du nasitort sauvage.
desmoulins,row149,187,Chap. I,De l'herisson de mer.
desmoulins,row150,188,Chap. II,De l'herisson de terre.
desmoulins,row151,189,Chap. III,Du cheval marin.
desmoulins,row152,190,Chap. IIII,"Des pourpres, cornets de mer, et de l'interieure partie nommee cionia."
desmoulins,row153,191,Chap. V,Des moules.
desmoulins,row154,192,Chap. VI,Des tellines.
desmoulins,row155,192,Chap. VII,Des chames.
desmoulins,row156,193,Chap. VIII,De l'ongle aromatic.
desmoulins,row157,195,Chap. IX,Des escargots ou limaçons.
desmoulins,row158,196,Chap. X,Des cancres.
desmoulins,row159,200,Chap. XI,Du scorpion de terre.
desmoulins,row160,201,Chap. XII,Du scorpion marin.
desmoulins,row161,202,Chap. XIII,Du dragon marin.
desmoulins,row162,203,Chap. XIIII,De la scolopendre de mer.
desmoulins,row163,204,Chap. XV,De la torpille.
desmoulins,row164,205,Chap. XVI,De la vipere.
desmoulins,row165,207,Chap. XVII,De la despouille des serpens.
desmoulins,row166,208,Chap. XVIII,Du lievre marin et terrestre.
desmoulins,row167,210,Chap. XIX,De la tareronde.
desmoulins,row168,210,Chap. XX,De la seche.
desmoulins,row169,211,Chap. XXI,Du surmulet ou barbarin.
desmoulins,row170,212,Chap. XXII,De l'hippopotame.
desmoulins,row171,213,Chap. XXIII,Du bieure.
desmoulins,row172,215,Chap. XXIIII,De la belette ou mustelle.
desmoulins,row173,216,Chap. XXV,Des grenouilles.
desmoulins,row174,217,Chap. XXVI,Du silure.
desmoulins,row175,217,Chap. XXVII,Des smarides.
desmoulins,row176,218,Chap. XXVIII,Des mendoles.
desmoulins,row177,218,Chap. XXIX,Du govion.
desmoulins,row178,220,Chap. XXX,Du thon.
desmoulins,row179,221,Chap. XXXI,Du garum.
desmoulins,row180,221,Chap. XXXII,Du bouillon des poissons.
desmoulins,row181,221,Chap. XXXIII,Des punaises.
desmoulins,row182,221,Chap. XXXIIII,Des cloportes.
desmoulins,row183,222,Chap. XXXV,Des blattes.
desmoulins,row184,222,Chap. XXXVI,Du poulmon de mer.
desmoulins,row185,222,Chap. XXXVII,Des poulmons.
desmoulins,row186,223,Chap. XXXVIII,Des foyes.
desmoulins,row187,224,Chap. XXXIX,Du nerf ou verge de cerf.
desmoulins,row188,224,Chap. XL,Des ongles d'ane et de chevre.
desmoulins,row189,224,Chap. XLI,Des suros des chevaus.
desmoulins,row190,224,Chap. XLII,Du cuir de vieus souliers.
desmoulins,row191,225,Chap. XLIII,Des poules et des coqs.
desmoulins,row192,225,Chap. XLIIII,De l'oeuf.
desmoulins,row193,227,Chap. XLV,Des cigales.
desmoulins,row194,227,Chap. XLVI,Des sauterelles.
desmoulins,row195,228,Chap. XLVII,De l'oiseau nomme ossifragus.
desmoulins,row196,228,Chap. XLVIII,Du cochevis.
desmoulins,row197,229,Chap. XLIX,De l'arondelle.
desmoulins,row198,229,Chap. L,De l'ivoire.
desmoulins,row199,231,Chap. LI,Du talon de pourceau.
desmoulins,row200,231,Chap. LII,De la corne du cerf.
desmoulins,row201,233,Chap. LIII,Des chenilles.
desmoulins,row202,234,Chap. LIIII,Des cantharides.
desmoulins,row203,234,Chap. LV,"Des buprestes, et chenilles des pins."
desmoulins,row204,235,Chap. LVI,De la salamandre.
desmoulins,row205,236,Chap. LVII,De l'araigne.
desmoulins,row206,237,Chap. LVIII,De la lesarde.
desmoulins,row207,237,Chap. LIX,De la seps.
desmoulins,row208,238,Chap. LX,Du stinc.
desmoulins,row209,240,Chap. LXI,Des vers de terre.
desmoulins,row210,240,Chap. LXII,Du musaraigne.
desmoulins,row211,241,Chap. LXIII,Des souris.
desmoulins,row212,243,Chap. LXIIII,Du laict.
desmoulins,row213,243,Chap. LXV,Du formage.
desmoulins,row214,243,Chap. LXVI,Du beurre et de la suie d'icelui.
desmoulins,row215,246,Chap. LXVII,"De la laine, et graisse de laine surge."
desmoulins,row216,247,Chap. LXVIII,Du caille.
desmoulins,row217,247,Chap. LXIX,De la graisse.
desmoulins,row218,250,Chap. LXX,De la mouelle.
desmoulins,row219,250,Chap. LXXI,Du fiel.
desmoulins,row220,251,Chap. LXXII,Du sang.
desmoulins,row221,252,Chap. LXXIII,De la fiante.
desmoulins,row222,254,Chap. LXXIIII,De l'urine.
desmoulins,row223,255,Chap. LXXV,Du miel.
desmoulins,row224,258,Chap. LXXVI,De la cire.
desmoulins,row225,258,Chap. LXXVII,De propolis.
desmoulins,row226,260,Chap. LXXVIII,Du fourment.
desmoulins,row227,263,Chap. LXXIX,De l'orge.
desmoulins,row228,264,Chap. LXXX,Du zythum espece de biere.
desmoulins,row229,264,Chap. LXXXI,Du curmi autre espece de biere ou cervoise.
desmoulins,row230,264,Chap. LXXXII,De l'espeaute.
desmoulins,row231,265,Chap. LXXXIII,De crimnon.
desmoulins,row232,265,Chap. LXXXIII,De olyra.
desmoulins,row233,266,Chap. LXXXV,De athera.
desmoulins,row234,266,Chap. LXXXVI,Du turguet double.
desmoulins,row235,266,Chap. LXXXVII,De l'avoine.
desmoulins,row236,267,Chap. LXXXVIII,Du riz.
desmoulins,row237,268,Chap. LXXXIX,De l'alicat.
desmoulins,row238,268,Chap. XC,Du millet.
desmoulins,row239,269,Chap. XCI,Du paniz.
desmoulins,row240,270,Chap. XCII,Du sisame ou iugioline.
desmoulins,row241,271,Chap. XCIII,De l'ivraye.
desmoulins,row242,272,Chap. XCIIII,De l'amidon.
desmoulins,row243,272,Chap. XCV,Du senegre.
desmoulins,row244,273,Chap. XCVI,Du lin.
desmoulins,row245,274,Chap. XCVII,Des pois ciches.
desmoulins,row246,275,Chap. XCVIII,Des feves.
desmoulins,row247,277,Chap. XCIX,De la feve d'Egypte.
desmoulins,row248,278,Chap. C,Des lentilles.
desmoulins,row249,279,Chap. CI,Des phasiols.
desmoulins,row250,281,Chap. CII,Des ers.
desmoulins,row251,282,Chap. CIII,Des lupins.
desmoulins,row252,283,Chap. CIIII,De la rave.
desmoulins,row253,284,Chap. CV,Du navet ou naveau.
desmoulins,row254,285,Chap. CVI,Du refort.
desmoulins,row255,286,Chap. CVII,Du siser.
desmoulins,row256,288,Chap. CVIII,De lapathum.
desmoulins,row257,290,Chap. CIX,De la lampsane.
desmoulins,row258,290,Chap. CX,De la blette.
desmoulins,row259,291,Chap. CXI,De la mauve.
desmoulins,row260,293,Chap. CXII,Des arroches.
desmoulins,row261,295,Chap. CXIII,Du chou.
desmoulins,row262,296,Chap. CXIIII,Du chou sauvage.
desmoulins,row263,296,Chap. CXV,Du chou marin.
desmoulins,row264,297,Chap. CXVI,De la poree.
desmoulins,row265,299,Chap. CXVII,Du pourpier.
desmoulins,row266,299,Chap. CXVIII,Des asparges.
desmoulins,row267,300,Chap. CXIX,Du plantain.
desmoulins,row268,302,Chap. CXX,De la berle.
desmoulins,row269,303,Chap. CXXI,De la menthe aquatique.
desmoulins,row270,305,Chap. CXXII,"Du fenouil marin, ou bacille."
desmoulins,row271,306,Chap. CXXIII,De la corne de cerf.
desmoulins,row272,307,Chap. CXXIIII,Du laicteron.
desmoulins,row273,309,Chap. CXXV,De l'endive.
desmoulins,row274,312,Chap. CXXVI,De la condrille.
desmoulins,row275,313,Chap. CXXVII,De la courge.
desmoulins,row276,314,Chap. CXXVIII,Du concombre.
desmoulins,row277,318,Chap. CXXIX,De la laitue.
desmoulins,row278,318,Chap. CXXX,De la laitue sauvage.
desmoulins,row279,319,Chap. CXXXI,Du gingidium.
desmoulins,row280,321,Chap. CXXXII,De scandix.
desmoulins,row281,322,Chap. CXXXIII,De caucalis.
desmoulins,row282,322,Chap. CXXXIIII,De la roquette.
desmoulins,row283,323,Chap. CXXXV,Du basilic.
desmoulins,row284,325,Chap. CXXXVI,De orobanche.
desmoulins,row285,325,Chap. CXXXVII,De la barbe de bouc.
desmoulins,row286,327,Chap. CXXXVIII,De ornithogalum.
desmoulins,row287,328,Chap. CXXXIX,Des truffles.
desmoulins,row288,328,Chap. CXL,Du phasiol peint.
desmoulins,row289,329,Chap. CXLI,De medica.
desmoulins,row290,330,Chap. CXLII,De aphaca.
desmoulins,row291,330,Chap. CXLIII,Du porreau a teste.
desmoulins,row292,332,Chap. CXLIIII,Du porreau de vigne.
desmoulins,row293,332,Chap. CXLV,De l'oignon.
desmoulins,row294,334,Chap. CXLVI,De l'ail.
desmoulins,row295,335,Chap. CXLVII,De l'ailporreau.
desmoulins,row296,336,Chap. CXLVIII,De la moutarde.
desmoulins,row297,337,Chap. CXLIX,Du nasitort.
desmoulins,row298,337,Chap. CL,Du thlaspi.
desmoulins,row299,339,Chap. CLI,De la drave.
desmoulins,row300,340,Chap. CLII,De erysimum.
desmoulins,row301,341,Chap. CLIII,Du poivre.
desmoulins,row302,344,Chap. CLIIII,Du gingembre.
desmoulins,row303,345,Chap. CLV,Du poivre aquatic ou curage.
desmoulins,row304,346,Chap. CLVI,"De ptarmica, ou herbe a eternuer."
desmoulins,row305,347,Chap. CLVII,De struthion.
desmoulins,row306,347,Chap. CLVIII,Du pain de pourceau.
desmoulins,row307,348,Chap. CLIX,D'un'autre espece de cyclaminus.
desmoulins,row308,349,Chap. CLX,De la grande serpentine.
desmoulins,row309,349,Chap. CLXI,De la petite serpentine.
desmoulins,row310,351,Chap. CLXII,Du pie de veau.
desmoulins,row311,353,Chap. CLXIII,De arisarum.
desmoulins,row312,354,Chap. CLXIIII,De l'asphodel.
desmoulins,row313,354,Chap. CLXV,Du bulbe bon a manger.
desmoulins,row314,355,Chap. CLXVI,Du bulbe vomitif.
desmoulins,row315,355,Chap. CLXVII,"De la scille, ou oignon."
desmoulins,row316,356,Chap. CLXVIII,Du pancratium.
desmoulins,row317,356,Chap. CLXIX,Du capprier.
desmoulins,row318,358,Chap. CLXX,Du nasitort sauvage.
desmoulins,row319,358,Chap. CLXXI,De la grenoillette.
desmoulins,row320,360,Chap. CLXXII,De anemone.
desmoulins,row321,362,Chap. CLXXIII,De argemone.
desmoulins,row322,362,Chap. CLXXIIII,Du mouron.
desmoulins,row323,364,Chap. CLXXV,Du liarre.
desmoulins,row324,365,Chap. CLXXVI,De la grande chelidoine.
desmoulins,row325,367,Chap. CLXXVII,De la petite chelidoine.
desmoulins,row326,367,Chap. CLXXVIII,De othonna.
desmoulins,row327,368,Chap. CLXXIX,De l'oreille de souris.
desmoulins,row328,369,Chap. CLXXX,Du guede ou pastel.
desmoulins,row329,370,Chap. CLXXXI,De telephium.
desmoulins,row330,371,Chap. I,De l'agaric.
desmoulins,row331,372,Chap. II,Du rhapontique.
desmoulins,row332,376,Chap. III,De la gentiane.
desmoulins,row333,377,Chap. IIII,De l'aristolochie.
desmoulins,row334,380,Chap. V,De la rigalice.
desmoulins,row335,381,Chap. VI,De la grande centauree.
desmoulins,row336,382,Chap. VII,De la petite centauree.
desmoulins,row337,383,Chap. VIII,Du chameleon blanc.
desmoulins,row338,383,Chap. IX,Du chameleon noir.
desmoulins,row339,385,Chap. X,Du crocodilium.
desmoulins,row340,385,Chap. XI,Du chardon a carder.
desmoulins,row341,386,Chap. XII,De l'epine blanche.
desmoulins,row342,388,Chap. XIII,De l'espine arabique.
desmoulins,row343,388,Chap. XIIII,Du cardon ou artichaut.
desmoulins,row344,389,Chap. XV,Du poterium.
desmoulins,row345,390,Chap. XVI,De acanthium.
desmoulins,row346,390,Chap. XVII,De la branche ursine.
desmoulins,row347,391,Chap. XVIII,De l'arrestebeuf.
desmoulins,row348,392,Chap. XIX,De la blanche epine.
desmoulins,row349,393,Chap. XX,De l'epine de bouc.
desmoulins,row350,394,Chap. XXI,Du panicaut.
desmoulins,row351,395,Chap. XXII,De l'aloe.
desmoulins,row352,397,Chap. XXIII,De l'aluine.
desmoulins,row353,397,Chap. XXIIII,De l'aluine marine.
desmoulins,row354,399,Chap. XXV,De l'auronne.
desmoulins,row355,401,Chap. XXVI,De l'hyssope.
desmoulins,row356,402,Chap. XXVII,De stechas.
desmoulins,row357,403,Chap. XXVIII,De l'origan.
desmoulins,row358,403,Chap. XXIX,Du tragorigan.
desmoulins,row359,405,Chap. XXX,Du pouliot.
desmoulins,row360,406,Chap. XXXI,Du dictam.
desmoulins,row361,406,Chap. XXXII,Du dictam bastard.
desmoulins,row362,406,Chap. XXXIII,D'un'autre espece de dictam.
desmoulins,row363,407,Chap. XXXIIII,De la sauge.
desmoulins,row364,409,Chap. XXXV,De la menthe.
desmoulins,row365,411,Chap. XXXVI,De la calamenthe.
desmoulins,row366,413,Chap. XXXVII,Du thym.
desmoulins,row367,413,Chap. XXXVIII,De la sarriete.
desmoulins,row368,414,Chap. XXXIX,Du serpolet.
desmoulins,row369,416,Chap. XL,De la mariolaine.
desmoulins,row370,417,Chap. XLI,Du melilot.
desmoulins,row371,417,Chap. XLII,Du marum.
desmoulins,row372,418,Chap. XLIII,De acinus.
desmoulins,row373,418,Chap. XLIIII,De baccharis.
desmoulins,row374,420,Chap. XLV,De la rue.
desmoulins,row375,421,Chap. XLVI,De la rue sauvage.
desmoulins,row376,423,Chap. XLVII,De moly.
desmoulins,row377,424,Chap. XLVIII,De panaces heracleum.
desmoulins,row378,424,Chap. XLIX,De panaces asclepium.
desmoulins,row379,424,Chap. L,De panaces chironium.
desmoulins,row380,425,Chap. LI,Du ligustic.
desmoulins,row381,426,Chap. LII,De la pastenade.
desmoulins,row382,428,Chap. LIII,Du seseli.
desmoulins,row383,428,Chap. LIIII,Du tordylium ou seseli de Candie.
desmoulins,row384,429,Chap. LV,Du sison.
desmoulins,row385,429,Chap. LVI,De l'anis.
desmoulins,row386,430,Chap. LVII,Du carvi.
desmoulins,row387,430,Chap. LVIII,De l'anet.
desmoulins,row388,431,Chap. LIX,Du cumin cultive.
desmoulins,row389,431,Chap. LX,Du cumin sauvage.
desmoulins,row390,432,Chap. LXI,De ammi.
desmoulins,row391,433,Chap. LXII,Du coriandre.
desmoulins,row392,435,Chap. LXIII,De hieracium.
desmoulins,row393,436,Chap. LXIIII,Du persil.
desmoulins,row394,438,Chap. LXV,Du smyrnium.
desmoulins,row395,440,Chap. LXVI,De elaphoboscum.
desmoulins,row396,441,Chap. LXVII,Du fenouil.
desmoulins,row397,441,Chap. LXVIII,Du fenouil sauvage.
desmoulins,row398,441,Chap. LXIX,De daucum.
desmoulins,row399,442,Chap. LXX,Du delphinium.
desmoulins,row400,445,Chap. LXXI,Du pyrethre.
desmoulins,row401,446,Chap. LXXII,Du romarin.
desmoulins,row402,446,Chap. LXXIII,Du romarin des iardins.
desmoulins,row403,447,Chap. LXXIIII,Du sphondylium.
desmoulins,row404,448,Chap. LXXV,De la ferule.
desmoulins,row405,449,Chap. LXXVI,Du peucedanum.
desmoulins,row406,450,Chap. LXXVII,De la nielle.
desmoulins,row407,451,Chap. LXXVIII,Du laserpitium.
desmoulins,row408,453,Chap. LXXIX,Du sagapenum.
desmoulins,row409,454,Chap. LXXX,De l'euphorbe.
desmoulins,row410,455,Chap. LXXXI,Du galbanum.
desmoulins,row411,455,Chap. LXXXII,De l'ammoniac.
desmoulins,row412,456,Chap. LXXXIII,De sarcocolla.
desmoulins,row413,456,Chap. LXXXIIII,Du glaucium.
desmoulins,row414,456,Chap. LXXXV,De la colleforte.
desmoulins,row415,457,Chap. LXXXVI,De la colle de poisson.
desmoulins,row416,457,Chap. LXXXVII,Du glu.
desmoulins,row417,458,Chap. LXXXVIII,Du grateron.
desmoulins,row418,458,Chap. LXXXIX,De alysson.
desmoulins,row419,459,Chap. XC,De asclepias.
desmoulins,row420,460,Chap. XCI,De atractylis.
desmoulins,row421,462,Chap. XCII,Du polycnemon.
desmoulins,row422,462,Chap. XCIII,De clinopodium.
desmoulins,row423,463,Chap. XCIIII,De leontopetalon.
desmoulins,row424,463,Chap. XCV,Du teucrium.
desmoulins,row425,464,Chap. XCVI,De la germandree.
desmoulins,row426,465,Chap. XCVII,De leucas.
desmoulins,row427,465,Chap. XCVIII,De lychnis.
desmoulins,row428,466,Chap. XCIX,Du lis.
desmoulins,row429,467,Chap. C,Du marrube noir.
desmoulins,row430,468,Chap. CI,De la melisse.
desmoulins,row431,469,Chap. CII,Du marrube.
desmoulins,row432,470,Chap. CIII,De stachys.
desmoulins,row433,471,Chap. CIIII,De la langue de cerf.
desmoulins,row434,471,Chap. CV,Du phalangium.
desmoulins,row435,472,Chap. CVI,Du trefle.
desmoulins,row436,474,Chap. CVII,Du polium.
desmoulins,row437,475,Chap. CVIII,Du scordium.
desmoulins,row438,476,Chap. CIX,Du pas de cheval.
desmoulins,row439,478,Chap. CX,De l'armoise.
desmoulins,row440,478,Chap. CXI,De l'armoise a petites feuilles.
desmoulins,row441,480,Chap. CXII,De ambrosia.
desmoulins,row442,481,Chap. CXIII,Du pimen.
desmoulins,row443,481,Chap. CXIIII,Du bec de grue.
desmoulins,row444,484,Chap. CXV,Du gnaphalium.
desmoulins,row445,485,Chap. CXVI,Des masses.
desmoulins,row446,485,Chap. CXVII,De circaea.
desmoulins,row447,486,Chap. CXVIII,De oenanthe.
desmoulins,row448,487,Chap. CXIX,De conyza.
desmoulins,row449,488,Chap. CXX,Du lis sauvage.
desmoulins,row450,489,Chap. CXXI,Du violier.
desmoulins,row451,490,Chap. CXXII,De crataeogonum.
desmoulins,row452,491,Chap. CXXIII,De phyllon.
desmoulins,row453,491,Chap. CXXIIII,Du covillon.
desmoulins,row454,491,Chap. CXXV,D'un autre covillon.
desmoulins,row455,491,Chap. CXXVI,Du satyrion.
desmoulins,row456,492,Chap. CXXVII,Du satyrion erythronium.
desmoulins,row457,494,Chap. CXXVIII,De horminum.
desmoulins,row458,495,Chap. CXXIX,De hedysarum.
desmoulins,row459,496,Chap. CXXX,De onosma.
desmoulins,row460,497,Chapitre CXXXI,"De nymphaea, ou nenufar."
desmoulins,row461,497,Chap. CXXXII,"De la seconde espece de nymphaea, ou nenufar."
desmoulins,row462,498,Chap. CXXXIII,De androsaces.
desmoulins,row463,499,Chap. CXXXIIII,"Du ceterac, ou asplenum."
desmoulins,row464,500,Chap. CXXXV,De hemionitis.
desmoulins,row465,501,Chap. CXXXVI,De anthyllis.
desmoulins,row466,502,Chap. CXXXVII,De la camomille.
desmoulins,row467,503,Chap. CXXXVIII,De la matricaire.
desmoulins,row468,504,Chap. CXXXIX,"De buphthalmum, oeil de boeuf."
desmoulins,row469,506,Chap. CXL,De la pivoine.
desmoulins,row470,507,Chap. CXLI,De lithospermum.
desmoulins,row471,508,Chap. CXLII,De phalaris.
desmoulins,row472,508,Chap. CXLIII,De la garance.
desmoulins,row473,509,Chap. CXLIIII,De lonchitis.
desmoulins,row474,509,Chap. CXLV,D'un'autre espece de lonchitis.
desmoulins,row475,510,Chap. CXLVI,De la guimauve.
desmoulins,row476,511,Chap. CXLVII,De la guimauve sauvage.
desmoulins,row477,512,Chap. CXLVIII,Du chanvre.
desmoulins,row478,513,Chap. CXLIX,De anagyris.
desmoulins,row479,514,Chap. CL,De cepaea.
desmoulins,row480,514,Chap. CLI,De alisma.
desmoulins,row481,515,Chap. CLII,De onobrychis.
desmoulins,row482,515,Chap. CLIII,De mille-pertuis.
desmoulins,row483,515,Chap. CLIIII,De ascyron.
desmoulins,row484,515,Chap. CLV,De androsaemon.
desmoulins,row485,515,Chap. CLVI,De coris.
desmoulins,row486,517,Chap. CLVII,De l'ive arthetique.
desmoulins,row487,519,Chap. I,"es commentaires de M. Pierre Andre Matthioli, medecin senois, sur le IIII. livre de Pedace Dioscoride Anazarbeen, de la matiere medecinale. Preface. De la betoine."
desmoulins,row488,520,Chap. II,De britanica.
desmoulins,row489,522,Chap. III,De lysimachia.
desmoulins,row490,523,Chap. IIII,De la renouee.
desmoulins,row491,524,Chap. V,Du genoillet.
desmoulins,row492,525,Chap. VI,De la pervanche ou clematis.
desmoulins,row493,525,Chap. VII,De la seconde espece de pervanche.
desmoulins,row494,526,Chap. VIII,De polemonia.
desmoulins,row495,527,Chap. IX,Du symphytum petraeum.
desmoulins,row496,530,Chap. X,De holostium.
desmoulins,row497,531,Chap. XI,De stoebe.
desmoulins,row498,532,Chap. XII,Du clymenum.
desmoulins,row499,532,Chap. XIII,Du periclymenum.
desmoulins,row500,533,Chap. XIIII,De tribulus.
desmoulins,row501,534,Chap. XV,De la saxifrage.
desmoulins,row502,536,Chap. XVI,Du limonium.
desmoulins,row503,537,Chap. XVII,De lagopus.
desmoulins,row504,539,Chap. XVIII,De medium.
desmoulins,row505,539,Chap. XIX,De epimedium.
desmoulins,row506,540,Chap. XX,Du glais.
desmoulins,row507,540,Chap. XXI,De sparganium.
desmoulins,row508,541,Chap. XXII,Du glaieul puant ou sauvage.
desmoulins,row509,541,Chap. XXIII,De l'orcanette.
desmoulins,row510,542,Chap. XXIIII,De lycopsis.
desmoulins,row511,543,Chap. XXV,De la buglosse sauvage.
desmoulins,row512,543,Chap. XXVI,Du basilic sauvage.
desmoulins,row513,544,Chap. XXVII,Du basilic d'eau.
desmoulins,row514,544,Chap. XXVIII,"Du grame, ou dent de chien."
desmoulins,row515,546,Chap. XXIX,De sideritis.
desmoulins,row516,546,Chap. XXX,De la seconde espece de sideritis.
desmoulins,row517,546,Chap. XXXI,De la troisieme espece de sideritis.
desmoulins,row518,548,Chap. XXXII,De achillea.
desmoulins,row519,549,Chap. XXXIII,De la ronce.
desmoulins,row520,549,Chap. XXXIIII,De la ronce d'Ida.
desmoulins,row521,550,Chap. XXXV.,De helxine.
desmoulins,row522,550,Chap. XXXVI,De elatine.
desmoulins,row523,551,Chap. XXXVII,De l'agrimoine.
desmoulins,row524,553,Chap. XXXVIII,De la quintefeuille.
desmoulins,row525,555,Chap. XXXIX,De l'ivraie sauvage.
desmoulins,row526,555,Chap. XL,De la racine d'ida.
desmoulins,row527,555,Chap. XLI,De la racine sentant les roses.
desmoulins,row528,556,Chap. XLII,De la queue de cheval ou prelle.
desmoulins,row529,557,Chap. XLIII,Du vermillon.
desmoulins,row530,558,Chap. XLIIII,De tragium.
desmoulins,row531,558,Chap. XLV,D'une autre espece de tragium.
desmoulins,row532,560,Chap. XLVI,De tragus.
desmoulins,row533,560,Chap. XLVII,Du ionc.
desmoulins,row534,561,Chap. XLVIII,De l'hepatique.
desmoulins,row535,562,Chap. XLIX,De paronychie.
desmoulins,row536,563,Chap. L,De chrysocome.
desmoulins,row537,563,Chap. LI,De chysogonum.
desmoulins,row538,563,Chap. LII,De helichrysum.
desmoulins,row539,565,Chap. LIII,De chrysanthemum.
desmoulins,row540,566,Chap. LIIII,De ageratum.
desmoulins,row541,567,Chapitre LV,De la vervene droitte.
desmoulins,row542,568,Chap. LVI,De la vervene basse.
desmoulins,row543,569,Chap. LVII,De astragalus.
desmoulins,row544,569,Chap. LVIII,Du vaciet.
desmoulins,row545,570,Chap. LIX,Du coquelicoc.
desmoulins,row546,570,Chap. LX,Du pavot des iardins.
desmoulins,row547,572,Chap. LXI,Du pavot cornu.
desmoulins,row548,572,Chap. LXII,Du pavot écumant.
desmoulins,row549,573,Chap. LXIII,De hypecoum.
desmoulins,row550,573,Chap. LXIIII,Du iusquiame.
desmoulins,row551,575,Chap. LXV,De l'herbe aux puces.
desmoulins,row552,576,Chap. LXVI,De la morelle.
desmoulins,row553,577,Cha. LXVII,De l'alchequange.
desmoulins,row554,577,Chap. LXVIII,Du solanum dormitif.
desmoulins,row555,577,Chap. LXIX,Du solanum furieus.
desmoulins,row556,580,Chap. LXX,De dorycnium.
desmoulins,row557,580,Chap. LXXI,De la mandragore.
desmoulins,row558,582,Chap. LXXII,De l'aconit.
desmoulins,row559,582,Chap. LXXIII,D'un autre aconit.
desmoulins,row560,589,Chap. LXXIIII,De la cigue.
desmoulins,row561,590,Chap. LXXV,De l'if.
desmoulins,row562,590,Chap. LXXVI,De apocynum.
desmoulins,row563,591,Chap. LXXVII,De la rosage.
desmoulins,row564,592,Chap. LXXVIII,Des champignons.
desmoulins,row565,593,Chap. LXXIX,Du colchicon.
desmoulins,row566,594,Chap. LXXX,De ephemerum.
desmoulins,row567,596,Chap. LXXXI,De la parietaire.
desmoulins,row568,597,Chap. LXXXII,De alsine.
desmoulins,row569,597,Chap. LXXXIII,De la lentille d'eau.
desmoulins,row570,598,Chap. LXXXIIII,De la grande ioubarbe.
desmoulins,row571,598,Chap. LXXXV,De la petite ioubarbe.
desmoulins,row572,598,Chap. LXXXVI,De la troisieme espece de ioubarbe.
desmoulins,row573,600,Chap. LXXXVII,Du nombril de Venus.
desmoulins,row574,600,Chap. LXXXVIII,D'un autre nombril de Venus.
desmoulins,row575,601,Chap. LXXXIX,De l'ortie.
desmoulins,row576,602,Chap. XC,De l'ortie puante.
desmoulins,row577,603,Chap. XCI,Du petit muguet.
desmoulins,row578,604,Chap. XCII,Du senesson.
desmoulins,row579,604,Chap. XCIII,Du thalictrum.
desmoulins,row580,605,Chap. XCIIII,De la coralline.
desmoulins,row581,605,Chap. XCV,Du fucus marin.
desmoulins,row582,606,Chap. XCVI,De potamogeton.
desmoulins,row583,607,Chap. XCVII,De stratiotes.
desmoulins,row584,607,Chap. XCVIII,De la millefeuille.
desmoulins,row585,608,Chap. XCIX,Du bovillon.
desmoulins,row586,611,Chap. C,De aethiopis.
desmoulins,row587,612,Chap. CI,De arction.
desmoulins,row588,612,Chap. CII,Du glouteron.
desmoulins,row589,613,Chap. CIII,De petasites.
desmoulins,row590,613,Chap. CIIII,De epipactis.
desmoulins,row591,614,Chap. CV,De la fumeterre.
desmoulins,row592,615,Chap. CVI,Du lotus privé.
desmoulins,row593,615,Chap. CVII,Du lotus sauvage.
desmoulins,row594,616,Chap. CVIII,Du cytise.
desmoulins,row595,617,Chap. CXIX,Du lotus d'Egypte
desmoulins,row596,618,Chap. CX,De myriophyllum.
desmoulins,row597,619,Chap. CXI,De myrrhis.
desmoulins,row598,620,Chap. CXII,De myagrum.
desmoulins,row599,620,Chap. CXIII,De onagra.
desmoulins,row600,621,Chap. CXIIII,Du cirsium.
desmoulins,row601,621,Chap. CXV,"De aster atticus, ou espargoutte menue."
desmoulins,row602,623,Chap. CXVI,De isopyrum.
desmoulins,row603,623,Chap. CXVII,De la violette de Mars.
desmoulins,row604,625,Chap. CXVIII,De cacalia.
desmoulins,row605,625,Chap. CXIX,De bunium.
desmoulins,row606,625,Chap. CXX,De pseudobunium.
desmoulins,row607,625,Chap. CXXI,De chamaecissus.
desmoulins,row608,626,Chap. CXXII,De chamaeleuce.
desmoulins,row609,626,Chap. CXXIII,De la borrache.
desmoulins,row610,627,Chap. CXXIIII,Du cynoglosse.
desmoulins,row611,628,Chap. CXXV,De phyteuma.
desmoulins,row612,629,Cha. CXXVI.,Du leontopodium.
desmoulins,row613,629,Chap. CXXVII,De hippoglossum.
desmoulins,row614,630,Chap. CXXVIII,Du antirahinum.
desmoulins,row615,631,Chap. CXXIX,De catanance.
desmoulins,row616,631,Chap. CXXX,Du tripolium.
desmoulins,row617,632,Chap. CXXXI,Des cheveux de Venus.
desmoulins,row618,632,Chap. CXXXII,Du polytrichon.
desmoulins,row619,633,Chap. CXXXIII,Du petit glouteron.
desmoulins,row620,634,Chap. CXXXIIII,De aegilops.
desmoulins,row621,635,Chap. CXXXV,De l'avoine sauvage.
desmoulins,row622,635,Chap. CXXXVI,De glaux.
desmoulins,row623,636,Chap. CXXXVII,De polygala.
desmoulins,row624,636,Cha. CXXVIII.,De la linaire.
desmoulins,row625,636,Chap. CXXXIX,Du liseron aspre.
desmoulins,row626,637,Chap. CXL,Du grand liseron.
desmoulins,row627,638,Chap. CXLI,Du rucs.
desmoulins,row628,639,Chap. CXLII,Du laurier alexandrin.
desmoulins,row629,640,Chap. CXLIII,De la laureole.
desmoulins,row630,640,Chap. CXLIIII,De la laureole masle.
desmoulins,row631,641,Chap. CXLV,De l'ellebore blanc.
desmoulins,row632,641,Chap. CXLVI,De l'ellebore noir.
desmoulins,row633,645,Chap. CXLVII,Du grand sesamoides.
desmoulins,row634,645,Chap. CXLVIII,Du petit sesamoides.
desmoulins,row635,645,Chap. CXLIX,Du concombre sauvage.
desmoulins,row636,647,Chap. CL,De l'herbe aux pous.
desmoulins,row637,648,Chap. CLI,De la thapsie.
desmoulins,row638,649,Chap. CLII,Du genest d'Espagne.
desmoulins,row639,650,Chap. CLIII,De silybum.
desmoulins,row640,650,Chap. CLIIII,De ben.
desmoulins,row641,653,Chap. CLV,Du narcisse.
desmoulins,row642,655,Chap. CLVI,De hippophaes.
desmoulins,row643,655,Chap. CLVII,De hippophaestum.
desmoulins,row644,656,Chap. CLVIII,De la paume-dieu.
desmoulins,row645,656,Chap. CLIX,Des tithymales.
desmoulins,row646,660,Chap. CLX,De pityusa.
desmoulins,row647,660,Chap. CLXI,De l'espurge.
desmoulins,row648,661,Chap. CLXII,De peplus.
desmoulins,row649,661,Chap. CLXIII,De peplis.
desmoulins,row650,662,Chap. CLXIIII,De chamaesyce.
desmoulins,row651,662,Chap. CLXV,De la scammonee.
desmoulins,row652,663,Chap. CLXVI,De la chamelee.
desmoulins,row653,663,Chap. CLXVII,De la thymelee.
desmoulins,row654,664,Chap. CLXVIII,Du sureau.
desmoulins,row655,667,Chap. CLXIX,De picnocomum.
desmoulins,row656,667,Chap. CLXX,De apios.
desmoulins,row657,668,Chap. CLXXI,De la coloquinte.
desmoulins,row658,668,Chap. CLXXII,De la goutte ou teigne de thym.
desmoulins,row659,671,Chap. CLXXIII,De alypum.
desmoulins,row660,671,Chap. CLXXIIII,De empetrum.
desmoulins,row661,672,Chap. CLXXV,De la vigne sauvage.
desmoulins,row662,672,Chap. CLXXVI,De la coulevree.
desmoulins,row663,673,Chap. CLXXVII,De la coulevree noire.
desmoulins,row664,675,Chap. CLXXVIII,De la feuchiere masle.
desmoulins,row665,675,Chap. CLXXIX,De la feuchiere femelle.
desmoulins,row666,676,Chap. CLXXX,Du polypode.
desmoulins,row667,677,Chap. CLXXXI,De la feuchiere de chesne.
desmoulins,row668,678,Chap. CLXXXII,Du saffran bastard.
desmoulins,row669,678,Chap. CLXXXIII,De la mercuriale.
desmoulins,row670,679,Chap. CLXXXIIII,De la mercuriale sauvage.
desmoulins,row671,680,Chap. CLXXXV,Du grand heliotropium.
desmoulins,row672,680,Chap. CLXXXVI,Du petit heliotropium.
desmoulins,row673,682,Chap. CLXXXVIII,De scorpioides.
desmoulins,row674,689,Chap. I,De la vigne.
desmoulins,row675,689,Chap. II,De la vigne sauvage.
desmoulins,row676,689,Chap. III,Du raisin.
desmoulins,row677,690,Chap. IIII,De la passerille.
desmoulins,row678,691,Chap. V,De oenanthe.
desmoulins,row679,691,Chap. VI,Du verius seché au soleil.
desmoulins,row680,692,Chap. VII,De la nature du vin.
desmoulins,row681,694,Chap. VIII,Du verius.
desmoulins,row682,694,Chap. IX,De la depense.
desmoulins,row683,694,Chap. X,Du vin de lambrusques.
desmoulins,row684,695,Chap. XI,D'une sorte de vin miellé.
desmoulins,row685,695,Chap. XII,Du vin miellé.
desmoulins,row686,695,Chap. XIII,De l'eau miellee.
desmoulins,row687,696,Chap. XIIII,De l'eau.
desmoulins,row688,697,Chap. XV,De l'eau marine.
desmoulins,row689,697,Chap. XVI,De l'eau marine miellee.
desmoulins,row690,697,Chap. XVII,Du vinaigre.
desmoulins,row691,698,Chap. XVIII,Du vinaigre mielle.
desmoulins,row692,698,Chap. XIX,De la saumure aigre.
desmoulins,row693,698,Chap. XX,De thymoxalme.
desmoulins,row694,698,Chap. XXI,Du vinaigre scillitic.
desmoulins,row695,699,Chap. XXII,Du vin scillitic.
desmoulins,row696,699,Chap. XXIII,Des vins composez d'eau marine.
desmoulins,row697,700,Chap. XXIIII,Du vin de coings.
desmoulins,row698,700,Chap. XXV,De hydromelum.
desmoulins,row699,700,Chap. XXVI,Du vertus mielle.
desmoulins,row700,700,Chap. XXVII,Du vin de poires.
desmoulins,row701,700,Chap. XXVIII,Du vin oenanthin.
desmoulins,row702,700,Chap. XXIX,Du vin de grenades.
desmoulins,row703,700,Chap. XXX,Du vin rosat.
desmoulins,row704,700,Chap. XXXI,Du vin de grains de meurte.
desmoulins,row705,701,Chap. XXXII,Du vin de meurte.
desmoulins,row706,701,Chap. XXXIII,Du vin de lentisque et de terebinthe.
desmoulins,row707,701,Chap. XXXIIII,Du vin de dattes
desmoulins,row708,701,Chap. XXXV,Du vin de figues seches.
desmoulins,row709,701,Chap. XXXVI,Du vin de resine.
desmoulins,row710,701,Chap. XXXVII,Du vin de pommes de pin.
desmoulins,row711,701,Chap. XXXVIII,"Du vin de cedre, et queleques autres arbres et fruits."
desmoulins,row712,702,Chap. XXXIX,Du vin poissé.
desmoulins,row713,702,Chap. XL,Du vin d'absinthe.
desmoulins,row714,702,Chap. XLI,Du vin d'hyssope.
desmoulins,row715,702,Chap. XLII,Des vins composez de diverses plantes.
desmoulins,row716,702,Chap. XLIII,Du vin aromatique.
desmoulins,row717,703,Chapitre XLIIII,Des vins composez de diverses drogues.
desmoulins,row718,703,Chapitre XLV,Des vins composez de plusieurs herbes.
desmoulins,row719,704,Chap. XLVI,De la cadmie.
desmoulins,row720,705,Chapitre XLVI,"De pompholyx, spodium, antispodium."
desmoulins,row721,707,Chap. XLVII,De l'erain brulé.
desmoulins,row722,707,Chap. XLVIII,De la fleur d'erain.
desmoulins,row723,708,Chap. XLIX,De l'escaille d'erain.
desmoulins,row724,708,Chap. L,De l'escaille d'acier.
desmoulins,row725,709,Chap. LI,Du verdegris.
desmoulins,row726,710,Chap. LII,Du verdegris scolecien.
desmoulins,row727,710,Chap. LIII,De la rouillure de fer.
desmoulins,row728,710,Chap. LIIII,De la merde de fer.
desmoulins,row729,711,Chap. LV,Du plomb lavé.
desmoulins,row730,711,Chap. LVI,Du plomb brulé.
desmoulins,row731,711,Chap. LVII,De l'ecume de plomb.
desmoulins,row732,711,Chap. LVIII,De la pierre plombiere.
desmoulins,row733,712,Chap. LIX,De l'antimoine.
desmoulins,row734,714,Chap. LX,De la plombagine.
desmoulins,row735,715,Chap. LXI,De l'escume d'argent.
desmoulins,row736,715,Chap. LXII,De la litharge.
desmoulins,row737,716,Chap. LXIII,De la ceruse.
desmoulins,row738,717,Chap. LXIIII,Du borras.
desmoulins,row739,717,Chap. LXV,De la pierre d'Armenie.
desmoulins,row740,719,Chap. LXVI,De la pierre d'azur.
desmoulins,row741,719,Chap. LXVII,De l'Inde.
desmoulins,row742,720,Chap. LXVIII,De l'ochre.
desmoulins,row743,720,Chap. LXIX,Du cinabre.
desmoulins,row744,722,Chap. LXX,De l'argent vif.
desmoulins,row745,723,Chap. LXXI,De la rubrique sinopique.
desmoulins,row746,724,Chap. LXXII,De la croye rouge.
desmoulins,row747,724,Chap. LXXIII,De la terre seellee.
desmoulins,row748,727,Chap. LXXIIII,Du vitriol.
desmoulins,row749,729,Chap. LXXV,De chalcitis.
desmoulins,row750,729,Chap. LXXVI,De misy.
desmoulins,row751,729,Chap. LXXVII,De melanteria.
desmoulins,row752,729,Chap. LXXVIII,Du sory.
desmoulins,row753,731,Chap. LXXIX,De diphryges.
desmoulins,row754,731,Chap. LXXX,De l'orpiment.
desmoulins,row755,731,Chap. LXXXI,De la sandarache.
desmoulins,row756,732,Chap. LXXXII,De l'alum.
desmoulins,row757,734,Chap. LXXXIII,Du souffre.
desmoulins,row758,735,Chap. LXXXIIII,De la pierreponce.
desmoulins,row759,735,Chap. LXXXV,Du sel.
desmoulins,row760,736,Chap. LXXXVI,De l'escume de sel.
desmoulins,row761,736,Chap. LXXXVII,De la saumure.
desmoulins,row762,736,Chap. LXXXVIII,De la fleur du sel.
desmoulins,row763,738,Chap. LXXXIX,Du nitre et ecume de nitre.
desmoulins,row764,739,Chap. XC.,De la lye.
desmoulins,row765,739,Chap. XCI,De la chaux vive.
desmoulins,row766,739,Chap. XCII,Du plastre.
desmoulins,row767,740,Chap. XCIII,Des cendres de sarments.
desmoulins,row768,740,Chap. XCIIII,De alcyonium.
desmoulins,row769,741,Chap. XCV,De adarce.
desmoulins,row770,741,Chap. XCVI,Des esponges.
desmoulins,row771,742,Chap. XCVII,Du corail.
desmoulins,row772,743,Chap. XCVIII,De la pierre phrygienne.
desmoulins,row773,743,Chap. XCIX,De la pierre d'Asso ou assienne.
desmoulins,row774,744,Chap. C,De la marchassite.
desmoulins,row775,745,Chap. CI,De la pierre hematite.
desmoulins,row776,745,Chap. CII,De la pierre scissille.
desmoulins,row777,746,Chap. CIII,De la pierre gagate.
desmoulins,row778,747,Chap. CIIII,De la pierre thracienne.
desmoulins,row779,747,Chap. CV,De la pierre d'aymant.
desmoulins,row780,748,Chap. CVI,De la pierre arabique.
desmoulins,row781,748,Chap. CVII,De la pierre de laict.
desmoulins,row782,748,Chap. CVIII,De la pierre melitite.
desmoulins,row783,748,Chap. CIX,De la pierre morochthus.
desmoulins,row784,749,Chap. CX,De l'alabastre.
desmoulins,row785,749,Chap. CXI,De la pierre thyite.
desmoulins,row786,749,Chap. CXII,De la pierre iudaique.
desmoulins,row787,750,Chapitre CXIII,De la pierre amiantus ou alum de plume.
desmoulins,row788,750,Chap. CXIIII,Du sapphir.
desmoulins,row789,750,Chap. CXV,De la pierre memphites.
desmoulins,row790,751,Chap. CXVI,De la pierre selenite.
desmoulins,row791,751,Chap. CXVII,Du iaspe.
desmoulins,row792,752,Chap. CXVIII,De la pierre d'aigle.
desmoulins,row793,752,Chap. CXIX,De la pierre serpentine.
desmoulins,row794,752,Chap. CXX,Des pierres des esponges.
desmoulins,row795,752,Chap. CXXI,De la colle des pierres.
desmoulins,row796,753,Chap. CXXII,De la pierre ostracite.
desmoulins,row797,753,Chap. CXXIII,De l'emeri.
desmoulins,row798,753,Chap. CXXIIII,Du sable du rivage de mer.
desmoulins,row799,753,Chap. CXXV,De la pierre naxienne.
desmoulins,row800,753,Chap. CXXVI,De la pierre geodes.
desmoulins,row801,753,Chap. CXXVII,De toute terre en general.
desmoulins,row802,753,Chap. CXXVIII,De la terre eretrienne.
desmoulins,row803,754,Chap. CXXIX,De la terre Samienne
desmoulins,row804,754,Chap. CXXX,De la pierre Samienne
desmoulins,row805,754,Chap. CXXXI,De la terre de Chio
desmoulins,row806,754,Chap. CXXXII,De la terre Selinusienne
desmoulins,row807,754,Chap. CXXXIII,De la terre Cimolie
desmoulins,row808,754,Chap. CXXXIIII,De la terre pnigite
desmoulins,row809,754,Chap. CXXXV,Des tez des fourneaux
desmoulins,row810,754,Chap. CXXXVI,De la terre fourneaux
desmoulins,row811,755,Chap. CXXXVII,De la terre melienne.
desmoulins,row812,755,Chap. CXXXVIII,De la terre ampelite.
desmoulins,row813,755,Chap. CXXXIX,De la suye des peintres.
desmoulins,row814,755,Chap. CXL,De l'encre a ecrire.
