lusitanus_iiif	lusitanus_entry	lusitanus_chapter
3	De Iride (iris, radix consecratrix, lilium coeleste / des flambes, du glaiz)	Textus primi enarratio prima
5	De acoro (acorum, acorus, herba venerea, galangua crassa / galanga)	Textus secundi enarratio
7	De meo (mean, meu athamanticum, anethum sylvestrae, foeniculus tortuosus)	Textus tertii enarratio
9	De cypero (cyperus, cyperus odoratus, angulosus iuncus, triangularis iuncus, quadratus iuncus / suocheti)	Textus quarti enarratio
11	De cardamomo (cardamomum, cardamomum indicum, cardamomum maius	
12	Arabum cardamomum (cardamomum minus, malagueta, maligreta, granum paradisi)	Textus quinti enarratio
15	De spica nardi (nardus indica, spica nardi, indica spica, radix spica)	Textus sexti enarratio
17	De nardo gallica (gallica nardus, celtica nardus, celticum nardum, spica romana, spica celtica, spica gallica). Secunda species (saliunca, birculus, spica communis, mascula spica, spica barbitonsorum / aspico). Tertia species (lavandula / lavende)	Textus septimi enarratio
20	De montana nardo (nardus montana, montanus nardum, vulgo montano nardo)	Textus octavi enarratio
20	De assaro (assarum, asarus, rustica nardus, nardus agrestis, vulgago / cabaret)	Enarratio nona
21	De phu (valeriana, amantilla, valentiana, herba benedicta / valeriane)	
22	De malabathro (malabathrum, folium indicum)	Textus undecimi enarratio
23	De casia (casia, casia lignea, cinnamomum invalidum)	Enarratio 12
24	De cinnamomo (cinnamomum, rugosum cinnamomum / canella)	Enarratio 13
27	Amomum (amomum, succedaneum amo mi, radix acori, id est, crassa galanga)	Enarratio 14
28	Costus (costum, costus). Falsus costus (hortulana romana, menta romana, menta sarracenica, costus hortulanus / du cocq)	Enarratio 15
30	De schoeno (iuncus odoratus rotundus, palea camelorum / squinanta)	Enarratio 16
31	De calamo aromatico (calamus aromaticus)	Enarratio 17
33	De balsamo (balsamum, liquor balsami, lignum balsami, fructus balsami)	Enarratio 18
36	De aspalatho (aspalathus, lignum rhodium, lignum aloes rhodiorum, cortex bugiae)	Enarratio 19
37	De musco arborum (bryum, muscus, usnea, arborum muscus). Textus vigesimi enarratio	
40	De agallocho (lignum aloes, lignum aquilae)	Enarratio 21
41	De narcaphto (narcaphthum, nascaphthum, thymiana)	Enarratio 22
42	De cancamo (cancamum)	Enarratio 23
43	De cyphi (cyphi, confectio odorata dijs dicata)	Enarratio 24
45	De croco (crocus)	Enarratio 25
46	De crocomagmate (crocomagma, fex olei crocini)	Enarratio 26
46	De enula campana (helentium, enula campanica, enula campatta, terminalum, verbascum idaeum / enula campana)	Enarratio 27
48	De oleo (oleum)	Enarratio 28
49	De oleo oleastri (oleum oleastri)	Enarratio 29
49	De oleo albo sicyonio dicto (sicyonium oleum, oleum album ê sicyone civitate)	Enarratio 30
50	De elaeomelle (elaeomel, oleum palmarum)	Enarratio 31
50	De oleo cicino (oleum cicinum, oleum ricininum, oleum de cherua, oleum de cataputia matori, de pentadactylo)	Enarratio 32
51	De oleo amygdalarum (oleum amygdalarum amararum	Enarratio 33
52	De oleo balanino (oleum balaninum, oleum de myrobalano, unguentaria, oleum de muce sive glande ungunentaria, oleum de ben, oleum myrepsicum). De oleo sesamino (oleum sesaminum, oleum e sesamo semine). De oleo nucis (oleum nucis inglandis, oleum nucis basilicae, oleum nucis)	Enarratio 34
53	De oleo hyoscyamino (oleum hyoscyaminum, oleum Apollinaris herba, oleum alterci herbae)	Enarratio 35
44	De oleo de grano cnidio sive gnidio (oleum de grano cnidio, oleum de grano gnidio, oleum de cocco gnidio, oleum de thimelea)	Enarratio 36
44	De oleo cnicino (oleum cnicimum, oleum e grano cnico, oleum e carthamo, oleum e croco hortulano)	Enarratio 37
44	De oleo raphanino (oleum raphaninum, oleum e semine radiculae, oleum e semine raphani)	Enarratio 38
45	De oleo e nigella (oleum de nigella, oleum melanthinum)	Enarratio 39
45	De oleo sinapino (oleum sinapinum, oleum e sinapi). Textus quadragesimi enarratio. De oleo myrtino (oleum myrtinum, oleum myrteum)	Enarratio 41
56	De oleo laurino (oleum laurinum)	Enarratio 42
56	De oleo lentiscino (oleum lentiscimum). De oleo terebinthino (oleum terebinthinum)	Enarratio 43
57	De oleo mastichino (mastichinum, oleum ex resina lentisci)	Enarratio 44
58	De ungnentorum confectionibus	Enarratio 45
58	De unguento sive oleo rosaceo	Enarratio 46
59	De oleo elatino (oleum elatinon, unguentum elatinum, unguentum e cortice palmae)	Enarratio 47
59	De oleo melino (oleum melinum, oleum ex malis cotoneis, oleum de malis citonijs, vel cidonijs)	Enarratio 48
59	De oleo oenanthino (oleum oenanthinum, oleum ex flore labruscae, idest vitis sylvestris)	Enarratio 49
60	De oleo foenigreci (telinum, oleum de foenograeco)	Enarratio 50
60	De oleo sampsuchino (oleum sampsuchinum, oleum ex sampsucho, oleum ex amaraco)	Enarratio 51
61	De oleo ocimino (ociminum oleum, oleum de ocino, oleum de basiliconis foliis)	Enarratio 52
61	De abrotonino oleo (abrotoninum oleum)	Enarratio 53
61	De oleo anethino (anethinum oleum)	Enarratio 54
62	De oleo lilino (susinum oleum, oleum lilinum, oleum lirinum, oleum liliorum alborum)	Enarratio 55
62	De oleo narcissino (oleum narcissinum, oleum ex narcisso)	Enarratio 56
62	De oleo crocino (oleum crocinum)	Enarratio 57
62	De oleo ligustrino (oleum cyprinum, oleum ligustrinum, oleum de alcana)	Enarratio 58
63	De oleo irino (irinum oleum, oleum e radice iridis, oleum ireos)	Enarratio 59
63	De gleucino sive musteo	Enarratio 60
64	De amaracino (amaracinum oleum, oleum e parthenio, oleum de cotula foetida)	Enarratio 61
64	De megalio (megalinum oleum)	Enarratio 62
64	De hedychroo (hedychroum, hedychrum)	Enarratio 63
65	De metopio (metopium, compositio ex galbano)	Enarratio 64
65	De mendesij compositione	Enarratio 65
65	De stacte (stacte, gutta, pinguissimus flos myrhae)	Enarratio 66
66	De cinnamomino (oleum de cinnamomo)	Enarratio 67
66	De nardino	Enarratio 68
66	De malabathrino	Enarratio 69
67	De iasmino (iasminum, iasmininum oleum, oleum sambacinum, oleum de zambac)	Enarratio 70
68	De myrrha (myrrha, myrrha troglodytica, belzuinum amygdalum, belzuinum candicans). Secunda myrrha caucalis (caucalis, myrrha vulgaris, officinarum myrrha, vulgo myrrha). Tertia myrrha minea (minea myrrha, gummi mineum)	Enarratio 71
70	De styrace (styrax, storax calamita)	Enarratio 72
71	De bdellio (bdellium)	Enarratio 73
71	De thure (libanus, thus)	Enarratio 74
72	De thuris cortice (cortex thuris, cortico sum thus)	Enarratio 75
72	De manna thuris (manna thuris, olibanum)	Enarratio 76
75	De thuris fuligine	Enarratio 77
75	De picea arbore (picea arbor). Pinus (pinus). Pinaster (pinaster, pinus sylvestris)	Enarratio 78
78	De strobilis (strobili, pityides, nuclei pine)	Enarratio 79
78	De lentisco (lentiscus)	Enarratio 80
79	De mastiche (mastix, resina lenticina)	Enarratio 81
81	De terebintho (terebinthus)	Enarratio 82
81	De alijs resinae generibus	Enarratio 83
84	De pice liquida (pix liquida)	Enarratio 84
84	De oleo picino (oleum picinum)	Enarratio 85
84	De picis fuligine (picis fuligo)	Enarratio 86
85	De sicca pice. Sicca pix, spissa pix, pix navalis, pix nigra)	Enarratio 87
85	De zopissa (zopissa, navium pix)	Enarratio 88
86	De bitumine (asphaltus, bitumen, bitumen iudaicum)	Enarratio 89
87	De pissasphalto (pissasphaltus, bitumen)	Enarratio 90
89	De naphta (naphta, oleum petroleum, oleum saxi)	Enarratio 91
89	De cupresso (cyparissus, cupressus / cypres)	Enarratio 92
90	De iunipero (iuniperus / du genefvre)	Enarratio 93
94	De sabina (brathy, sabina, savina / du savier)	Enarratio 94
94	De cedro (cedrus)	Enarratio 95
94	De lauro arbore (laurus / laurier)	Enarratio 96
94	De platano (platanus)	Enarratio 97
95	De fraxino (fraxinus / fraisne)	Enarratio 98
96	De populo alba (populus alba / trambula). Populus nigra (nigra populus / du tremble peuplier)	Enarratio centesima
98	De macere (macer, macis, cortex nucis moschatae)	Enarratio 101
99	De ulmo (ulmus / ulmo)	Enarratio 102
100	De lignorum carie (lignorum caries)	Enarratio 103
100	De harundine (calamus, barundo / canne)	Enarratio 104
102	De papyro (papyrus)	Enarratio 105
102	De tamarice (myrice, tamarix, tamariscus / bruiere)	Enarratio 106
103	De erica (erice, erica / briere)	Enarratio 107
104	De acacali (acacalis)	Enarratio 108
104	De rhamno (rhamnus)	Enarratio 109
105	De halimo (halimus / blanceputa)	Enarratio 110
106	De paliuro (paliurus)	Enarratio 111
107	De oxyacantha (oxyacantha)	Enarratio 112
110	De cynos bato (cynos batos, sentis canis, rubus canis, canirubus / englenteru)	Enarratio 113
111	De ligustro (cyprus, ligustrum / du troesne)	Enarratio 114
112	De phillyrea (phillyrea, species ligustri)	Enarratio 115
113	De cisto (cistus)	Enarratio 116
113	De hypocistide (hypocistis, cytinus, barba hircina)	Enarratio 117
114	De ladano (ladon, ladaniferus frutex)	Enarratio 118
115	De ebeno (ebenus). Secunda species ebeni (lignum guaiacum, lignum indicum, lignum sanctum, lignum morbi gallici / lin saint)	Enarratio 119
119	De rosis (rosa)	Enarratio 120
122	De roseis pastillis (rosei pastilli, trochisci e rosis)	Enarratio 121
122	De lycio (lycium, buxea spina, pixa camhalycij succius)	Enarratio 122
123	De acacia (acacia, spina aegyptia, frutex gummi arabici). Huius succi succedaneum (succus sylvestrium prumorum)	Enarratio 123
124	De amurca (amurca)	Enarratio 124
124	De vitice (agnus, agonos, lygus, agnus castus, vitex, piper agreste / agno casto)	Enarratio 125
125	De salice (salix / saulx)	Enarratio 126
125	De agresti olea (olea agrestis, oleaster / olive sauvage)	Enarratio 127
126	Colymbades, id est salsae et conditae olivae (colymbades, olivae conditae)	Enarratio 128
126	De oleo oleastri	Enarratio 129
126	De aethiopicae oleae lachryma (lachryma oleae aethiopicae)	Enarratio 130
127	De quercu (quercus, robur / chesne). Fagus (fagus / faus). Ilex (ilex / hous aut housson)	Enarratio 131
128	De castaneis (glans, sardiana glans iovis, castanea)	Enarratio 132
129	De galla (galla / noix de galle)	Enarratio 133
129	De rhu obsoniorum (rhus, rhus obsoniorum, rhus coriariorum, frutex coriarius, sumach)	Enarratio 134
130	De palma (palma, dactylorum arbor / palma). Fructus palmae (caryota dactylus, palmula / dattuli)	Enarratio 135
132	De palmula thebaica (palmula thebaica, tamarindus)	Enarratio 136
133	De elate (elate, nux indica / noix indiana). Secundum galenum	Enarratio 137
136	De malo punico (malum punicum, malum granatum, pomum granatum / pomes granates)	Enarratio 138
138	De cytino (cytinus, mali punici domestici flos / fleurs despomes granates)	Enarratio 139
138	De malicorio (maliserium, malicorium, cortices granatorum)	Enarratio 140
138	De balaustio (balaustium, sylvestris punice flos)	Enarratio 141
138	De myrto (myrtus / mirtillo)	Enarratio 142
139	De cerasijs (cerasia / cereses). Acida cerasa (acida cerasa)	Enarratio 133
140	De ceratonijs (ceratium, ceratonium, dulcis siliqua, xylocaraton)	Enarratio 134
140	De malis (pomum malum / depomes)	Enarratio 144
142	De cydoniis (cydonia, cytonia, aurea mala, mala cotonea / des pomes coingnes)	Enarratio 146
142	De melimelis (melimela, poma mellei saporis)	Enarratio 147
143	De persicis (persica, poma persica / de pesches)	Enarratio 148
144	De armeniacis, et praecociis (armeniaca, praecoqua, praecocia / abricotz)	Enarratio 149
145	De citrijs (medica mala, citrium, citreum pomum / cedri). Species citri (limons)	Enarratio 150
147	De pyro (pyrum / poire). Pyrum sylvestre (sylvestre pyrum)	Enarratio 151
147	De mespilis (mespilum, tricoccon, mespilum trium ossiculorum, arontium. Secunda species (mespilum / des nesples)	Enarratio 152
148	De loto (lotus arbor, celtis / du aliser, alisa)	Enarratio 153
149	De corno (cornus arbor / cornelia, cornier)	Enarratio 154
150	De sorbo (sorbum / cormiera)	Enarratio 155
150	De prunis (prunum / des prunes)	Enarratio 156
153	De arbuto (comarus, arbutus, unedo, memecyles)	Enarratio 158
154	De amygdalis (amygdala / des mandoles)	Enarratio 159
155	De pistatijs (pistatium, fisticus / pistaches)	Enarratio 160
155	De nucibus (carya basilica, nuces iuglandes / des noix)	Enarratio 161
156	De avellanis (minores nuces, pontica nuces, avellanae)	Enarratio 162
157	De moris (sycamina, mora arboris mori / des mores)	Enarratio 163
157	De sycomoro (sycomorus, ficus aegyptia / figues de Adam)	Enarratio 164
158	De ficu (ficus / figues)	Enarratio 165
159	De persea arbore (persea, persica arbor / un peschier)	Enarratio 166
160	De hiberide (hiberis, lepidium, vice toxicum sylvestre nasturtium / passeraige saulvage)	Enarratio 167
163	In Dioscoridis Anazarbei librum secundum enarrationes doctoris Amati Lusitani medici celeberrimi. De echino marino (echinus, erinaceus marinus, erinaceus aquatilis / ericio marino)	Enarratio primi capitis
164	De erinaceo terrestri (echinus terrestris, erinaceus terrestris / ericcio terrestre)	Enarratio capitis secundi. De hippocampo (hippocampus / draconeto)
165	De purpuris et buccinis (purpura, buccina concharum genera)	Enarratio 4
166	De mytulis (myaces, mytuli, musculi)	Enarratio 5
167	De tellinis (tellinae)	Enarratio 6
167	De chamis (chamae)	Enarratio 7
167	De oniche (onix, conchula indica, ungula odorata, blatta bisantia)	Enarratio 8
168	De cochleis terrestribus (cochleae terrestres, limaces). Cochleae marinae (cochleae marinae)	Enarratio 9
168	De cancris (cancer fluviatilis)	Enarratio 10
169	De scorpione terrestri (scorpio terrestris / scorpion)	Enarratio 11
170	De marino scorpione (marinus scorpio / scorpion marin)	Enarratio 12
170	De dracone marino (draco marinus)	Enarratio 13
171	De scolopendra (scolopendra, centipes / centi piedi)	Enarratio 14
171	De torpedine (torpedo)	Enarratio 15
171	De vipera (viperae caro, vipera, marassus / vipere)	Enarratio 16
173	De anguium senecta (anguis senecta, anguina vernatio, spolium anguis, spolium colubri / spoglie de serpent)	Enarratio 17
174	De utroque lepore (lepus marinus / lievre marine). Lepus terrestris (lepus terrestris / lievre)	Enarratio 18
174	De pastinaca pisce (trygon, pastinaca, piscis colombus)	Enarratio 19
175	De sepia (siba / sepe)	Enarratio 20
176	De mullo pisce (trigla, mullus piscis, mullus barbatus / barbono)	Enarratio 21
178	De testiculo fluvialis equi (testiculus fluviatilis equi / coion di cheval marin)	Enarratio 22
178	Des castorio (amphibium, castorium, castoris testiculus, floer / castor)	Enarratio 23
178	De mustela (mnstela domestica / donnola)	Enarratio 24
179	De rana (rana / rana)	Enarratio 25
179	De siluro pisce (silurus, sturio / sturion)	Enarratio 26
180	De smaride pisce (smaris piscis, girrulus)	Enarratio 27
180	De maenis (maenae)	Enarratio 28
180	De gobio pisce (gobius, gobio, cobio / gobioni)	Enarratio 29
181	De thynni salsi carne (thynnus piscis / tonine)	Enarratio 30
181	De garo (garum / salmoire)	Enarratio 31
182	De recentium piscium esculento iure (ius, recentium piscium esculentum ius / broet de poisson)	Enarratio 32
183	De cimicibus (cimices / puneses)	Enarratio 33
183	De millepedibus (onisci, millepedes, vermes centipedes, multipedes, aselli)	Enarratio 34
184	De blatta molendini (blatta vermis)	Enarratio 35
184	De pulmone marino (pulmo marinus)	Enarratio 36
184	De pulmonibus nonnulorum animalium (pulmo, pulmo sullus / polmon de porceau). Pulmo agninus / polmon de agneau. Pulmo ursi / Pulmon de urso. Pulmo vulpis / pulmon de renart	Enarratio 37
185	De iocinore animalium (iecur, iociner)	Enarratio 38
186	De cervi masculi genitale (virga cervi / verge de cerf)	Enarratio 39
188	De ungulis animalium (ungulae asinorum)	Enarratio 40
188	De equorum lichenibus sive callis (lichenes equorum, calli equorum)	Enarratio 41
188	De veterum calciamentorum corto (corium veteris calceamenti, solea calceamenti)	Enarratio 42
189	De gallinis et gallis (galiinacei, gallinae / galz et polles)	Enarratio 43
190	De ovis (ovum / des oeufs)	Enarratio 44
191	De cicadis (cicadae / sigale)	Enarratio 45
192	De locustis (locustae / locuste)	Enarratio 46
192	De ossifrago ave (ossifragus secundum)	Enarratio 47
193	De galerita (galerita, alauda)	Enarratio 48
193	De hirundine (hirundo avis)	Enarratio 49
194	De ebore (ebur / ebore)	Enarratio 50
194	De suis talo (talus, porci talus, suis talus)	Enarratio 51
195	De cornu cervi (cornu cervinum / corne de cerf)	Enarratio 52
197	De eruca animali (eruca, bruchus)	Enarratio 53
198	De cantharidibus, buprestidibus, et picearum erucis (cantharides / cantharides). Buprestides (buprestides). Picearum erucae (erucae picearum)	Enarratio 54
199	De salamandra (salamandra / salamandre)	Enarratio 55
200	De araneis (araneus / ragne)	Enarratio 56
201	De lacerta (lacerta / lacerta)	Enarratio 57
201	De lacerta, quae dicitur seps (seps, chalcidica lacerta)	Enarratio 58
201	De scingo (scingus, terrestris crocodilius)	Enarratio 59
202	De lumbricis terrestribus (terrae vermes, terrae intestina, lumbrici)	Enarratio 60
202	De mure araneo (mus araneus)	Enarratio 61
203	De muribus (mures / sorizes)	Enarratio 62
203	De lacte (lac / du lat)	Enarratio 63
204	De sero lactis (serum, lactis aqua / ser du lat)	Enarratio 64
207	De lacte scissile (lac scissile, lac acetosum)	Enarratio 65
207	De caseo (caseus / formage)	Enarratio 66
207	De butyro (butyrum / beure)	Enarratio 67
208	De lana (lana)	Enarratio 68
208	Oesypus (oesypus, ovium sordes / isopo humide)	Enarratio 69
209	De coagulo (coagulum)	Enarratio 70
209	De adipe (adeps, pinguedo)	Enarratio 71
212	De medulla ossium animalium (medulla / moelle)	Enarratio 72
212	De felle animalis (fel)	Enarratio 73
213	De sanguine (sanguis)	Enarratio 74
214	De stercore animalium (stercus)	Enarratio 75
215	De urina (urina, lotium)	Enarratio 76
216	De melle (mel)	Enarratio 77
217	De cera (cera)	Enarratio 78
218	De propoli (propolis)	Enarratio 79
218	De tritico (triticum, frumentum / du ble)	Enarratio 80
219	De bordeo (bordeum / orge)	Enarratio 81
220	De zytho et curmi (zythum, curmi, cervisiae genera)	Enarratio 82
221	De zea (zea, semen, spelta)	Enarratio 83
221	De crimno (crimnum, granum tritici, vel speltae crasso modo tritum)	Enarratio 84
221	De olyra (olyra / du seigle blanche)	Enarratio 85
222	De athera pulticula (athera)	Enarratio 86
222	De trago (tragus)	Enarratio 87
222	De bromo (avena / avoyne)	Enarratio 88
223	De oryza (oryza, hordeum galaticum, rizum / du ritz)	Enarratio 89
223	De chondro et farre (alica, altera spelta, far)	Enarratio 90
223	De milo (milium / millio, du mil ou du milliet)	Enarratio 91
224	De panico (panicum / du panir semblable au milliet)	Enarratio 92
224	De sesamo (sesamum / sisame)	Enarratio 93
225	De lolio (lolium / giolio du ble)	Enarratio 94
225	De amylo (amylium, amydum)	Enarratio 95
226	De foeno graeco (foeno graecii, foenum graecum / fene grec)	Enarratio 96
226	De lino (linum)	Enarratio 97
226	De cicere (cicer / cices)	Enarratio 98
227	De fabis (faba)	Enarratio 99
228	De faba aegyptia (faba aegyptia)	Enarratio centesimi capitis
229	De lentibus (lens / lentille)	Enarratio 101
233	De phaseolo (phasiolus, phaseolus, dolichus, lobus, ervilia / erville grosse)	Enarratio 102
234	De orobo (orobus, ervum / vesse, au desers)	Enarratio 103
234	De lupinis (lupinus / lupin)	Enarratio 104
235	De rapis (rapum, rapa / naveau)	Enarratio 105
235	De napo (napum / navet)	Enarratio 106
236	De raphano (raphanus, radicula / rave, ou refort)	Enarratio 107
237	De sisaro (siser / des chiruites)	Enarratio 108
237	De rumice (lapathus, lapathum, lapatium, rumex, lapathum acutum / de la pareille ou de la patience). Domesticus rumex (domesticum lapathon, domesticus rumex, spinachia / espinarts). Oxalis (oxalis, acetosa)	Enarratio 109
238	De lampsana (lampsana, napum sylvestre, serum napum / saunes blanches)	Enarratio 110
239	De blito (blitum, blitus / blete)	Enarratio 111
239	De malvis (malva / malves)	Enarratio 112
239	De atriplice (atraphaxys, atriplex, aureum olus / arrouches, des bones dammes)	Enarratio 113
240	De brassica (crambe, brassica, caulis / des chauls). Altera species (lacuturris, caputium)	Enarratio 114
242	De brassica marina (brassica marina, soldanella)	Enarratio 115
242	De beta (beta, sicla, olus siculum / de la porree, ou de la iotte)	Enarratio 116
243	De portulaca (portulaca / de la purceline)	Enarratio 117
243	De asparagis (asparagus / des asperges)	Enarratio 118
244	De plantagine (arnoglossa, plantago, lingua agni, septinervia, stelaphuros / du plantain). Minoris plantaginis latina nomina (lanciolata, plantago minor, lingua arietis, lingua agni / lengue de moton)	Enarratio 119
245	De sio (sium, lauer, anagallis aquatica / la berle)	Enarratio 120
245	De sisymbrio (sisymbrium, corona veneris, balsamita, menta aquatica / balsamita)	Enarratio 121
246	De altero sisymbrio (sisymbrium alterum, aquaticum nasturtium, aquaticum sisymbrium, crissones / du cresson)	Enarratio 122
247	De crethmo (crethmon, batis, baticula, crethamus, petroselinum marinum, foeniculum marinum, unguis aquilae / de la creste marine, de la bacille)	Enarratio 123
247	De coronopo (coronopus, cornu cervi herba, stella maris / capriole)	Enarratio 124
247	De soncho (sonchus, lactucella, cicerbita, palatium leporis / du latteron, ou palais au lievre)	Enarratio 125
248	De endivia (cichorium, cichorea, intubus agrestis, intubum agreste, ambubeia, picris / cichoree). Secunda species cichorii agestis (dens leonis, rostrum porcinum, tarraxacon / tarraxaconp). Endivia domestica (intubus, intubum sativum, endivia domestica, latifolia / delendivie). Alia domestica strictioribus folijs (seriola, scariola / scariola)	Enarratio 126
249	De condrilla (condrilla / du lettron)	Enarratio 127
250	De cucurbita (cucurbita / une courge)	Enarratio 128
251	De sativo cucumere (cucumer sativus, cucums / cocombre). Pepo (citrullus, pepo / citrullo)	Enarratio 129
253	De lactuca (lactuca / une lactue)	Enarratio 130
253	De gingidio (gingidium, chaerefolium / du cerfueil)	Enarratio 131
254	De scandice (scandix)	Enarratio 132
254	De caucalide (caucalis herba, daucus agrestis)	Enarratio 133
255	De eruca (eruca, salax eruca / de la roquette)	Enarratio 134
255	De ocimo (ocimum, basilicon regium, ocimum gariophyllatum / du basilic)	Enarratio 135
256	De orobanche (orobanche, ervi angina / teniam)	Enarratio 136
256	Det tragopogone (tragopogon, barbula hirci)	Enarratio 137
256	De ornithogalo (ornithogalum, lac gallinaceum / churlos)	Enarratio 138
257	De tuberibus terrae (tuber terrae / trufla)	Enarratio 139
257	De hortensi smilace (smilax hortensis, phaselus / phasiole)	Enarratio 140
258	De medica herba (medica herba)	Enarratio 141
258	De aphace (aphace, sylvestris vitia)	Enarratio 142
258	De porro capitato (porrum capitatum / pourceaulx)	Enarratio 143
259	De ampelopraso (ampeloprasum, vinearum porrum, agreste porrum / poreau saulvagez)	Enarratio 144
260	De cepa (cepa, cepe / oignon)	Enarratio 145
260	De allio (allium, scorodon, rusticorum theriaca / ail, ou aux)	Enarratio 146
261	De scorodopraso (altium porrum, allium turcicum, allium thurcarum)	Enarratio 147
262	De sinapi (sinapis, sinapi, napi, semen sinapis / seneve)	Enarratio 148
262	De nasturtio (nasturtium, cardamum, cynocardamum / du cresson, alenois, du nasi tort)	Enarratio 149
263	De thlaspi (thlaspi, capsella, scandulaceum, sinapi rusticum, nasturtiumtectorum / semence saulvaige)	Enarratio 150
264	De arabide (arabis, drabe)	Enarratio 151
264	De erysimo (trion, rapistrum, sylvestre sinapi / velar, ou de la tortelle)	Enarratio 152
264	De pipere (piper / pepre)	Enarratio 153
266	De zingibere (zingiber / zengenbri)	Enarratio 154
267	De hydropipere (hydropiper, persicaria non maculata / herba persicaria)	Enarratio 155
267	De ptarmice / agreste pyretro)	Enarratio 156
268	De struthio (radicula, lanaria, saponaria, herba fullorum / le herbe à fulon)	Enarratio 157
269	De cyclamine (cyclamen, cyclaminus, rapum, umbilicus terrae, arthanita, panis porcinus, bothomarien / pain de porceau)	Enarratio 158
270	De altera cyclamino (altera cyclaminus, alterum cyclamen, cyssanthemon)	Enarratio 159
270	De dracunculo maiori (dracunculus maior, dracontium magnum, collum draconis, colubrina, serpentaria, viperma / serpentine)	Enarratio 160
271	De dracunculo minori (dracunculus minor, dracuntium minus / serpentine petit)	Enarratio 161
271	De aro (arum, canis priapus, sacerdotis virile / vit de prebstre)	Enarratio 162
272	De arisaro (arisarum)	Enarratio 163
272	De asphodelo (asphodelus, bastula regna, affodilus, albucus / haste boyalle)	Enarratio 164
273	De bulbo vomitorio (bulbus vomitorius)	Enarratio 165
273	De bulbo, qui edendo est (bulbus qui edendo est, bulbus cibalis, bulbus ascaloniae, cepa ascalonita / des eschallotes, des appetites)	Enarratio 166
274	De scilla (scilla, squila, cepa maris / stipoulle, ou charpentairie)	Enarratio 167
274	De pancratio (pancratium, scilla minor, scilla nigra)	Enarratio 168
274	De cappare (capparis, cappares / cappez)	Enarratio 169
275	De lepidio (lepidium, biberis, nasturtium sylvestre)	Enarratio 170
275	De batrachio (batrachion, ranunculus, apium risus herba scelerata / ramanculo herba)	Enarratio 171
276	De anemone (anemon, orci tunica, herba venti)	Enarratio 172
277	De argemonio (argemonium, agremonia, liburni herba)	Enarratio 173
277	De altera argemonia (argemonia altera, argemonium alterum, argentina herba, argentea herba)	Enarratio 174
277	De anagallide (anagallis, morsus gallinae, sanguis oculi herba / mouron)	Enarratio 175
278	De hedera (hedera / du liere)	Enarratio 176
279	De chelidonio maiori (chelidonium maius, chelidonia / chelidonie, ou esclere)	Enarratio 177
279	De chelidonio minori (chelidonium minus, chelidonia minor, hirundinaria minor, scrofularia minor / scrofularia minor)	Enarratio 178
280	De othonna (othonna)	Enarratio 179
280	De myos otide (myosotis, alsines, auricularia muris)	Enarratio 180
280	De altera myosotide (myosotis altera, aurcula muris, pilosela / orelge du ratte)	Enarratio 181
281	De isatide sativa (isatis sativa, glastum, guadum / le guade du guesde ou pastel). De isatide sylvestri (sylvestris isatis, glastum minus, guadum minus / le guasde sauvaige)	Enarratio 182
281	De telephio (telephium, portulaca sylvestris tertium sedi genus vermicularis herba)	Enarratio 183
283	In Dioscoridis Anazarbei librum tertium enarrationes doctoris Amati Lusitani medici praestantissimi. De agarico (agaricum)	Enarratio capitis primi
284	De rhapontico (rhaponticum, rhecoma, radix ponti)	Enarratio secundi capitis
287	De gentiana (gentiana / gentiane)	Enarratio 3
288	De aristolochia (aristolochia, malum terrae, erraticum malum / de la sarasine)	Enarratio 4
289	De glycyrrhiza (glycyrrhiza, dulcis radix, liquiritia / erculisse, ou rigolisse)	Enarratio 5
289	De centaurio maiore (centaurium maius, centaurea maior, rhaponticum officinarum, rheuponticum commune / rhepontico)	Enarratio 6
290	De centaurio minori (centaurium minus, centaurea minor, fel terrae, febrifuga / fiel de terre centore)	Enarratio 7
290	De chamaeleone albo (chamaeleon albus, carduus varius, carduus suarius, carduus Mariae, carduus Marianus / cardon mariano)	Enarratio 8
291	De chamaeleone nigro (chamaeleon niger, carduus niger, vennilagum)	Enarratio 9
292	De crocodilo (crocodilium)	Enarratio 10
292	De dipsaco (labrum veneris, cardo fullomum, virga pastoris, carduus veneris / cardon a carder, ou verge à bergier)	Enarratio 11
293	De spina alba (spina alba, bedeguar, cinara sylvestris, sylvestris carduus ferens alkachoflos / artichau saulvage)	Enarratio 12
293	De aegyptia, sive arabica spina (arabica spina, aegyptia spina, succhaba)	Enarratio 13
294	De scholymo (scolymus, carduus, strobilus, cinara, carduus pinea / artichaut)	Enarratio 14
295	De poterio (poterion, nevras)	Enarratio 15
295	De acanthio (acanthium)	Enarratio 16
295	De acantho (acanthos, acantha spina, marmora ria herba, branca ursina / branche ursine)	Enarratio 17
296	De sylvestri acantho (acanthus sylvestris, branca ursina sylvestris)	Enarratio 18
296	De ononide (ononis, anonis, resta bovis, remora aratri, acutella)	Enarratio 19
297	De leucacantha (leucacantha, alba spina, spina cervalis / merla)	Enarratio 20
297	De tragacantha (tragacantha, spina). Huius liquor (tragacanthum gummi / gomma draganti)	Enarratio 21
298	De eryngio (eryngium, iringus, centumcapita, carduus centum capitum / cardon du cent testes)	Enarratio 22
298	De aloe (aloe, semper vivum marinum). Liquor aloes (aloe / aloe)	Enarratio 23
299	De absinthio (absinthium, absinthium ponticum, absinthium romanum / de la lome)	Enarratio 24
300	De seriphio (seriphium, absinthium marinum / aloyne du mer)	Enarratio 25
300	De santonico absinthio (santonicum absinthium / aloyne de saintonge)	Enarratio 26
301	De abrotono (abrotonum / auronne)	Enarratio 27
301	De hyssopo (hyssopus herba / dele hyssope)	Enarratio 28
302	De stechade (stichas arabica, stoechas / stechados)	Enarratio 29
302	De origano Heracleotica (origanus Heracleotica, origanum Heracleoticum / marioleine de Angleterre). De asinina origano, onitide dicta (onitis origanus, asinina origanus). De sylvestri origano (sylvestris origanus). De tragorigano (tragoriganus, hircina origanus)	Enarratio 30-31-32-33
303	De pulegio (pulegium / du pouliot)	Enarratio 34
304	De dictamno (dictamnus, dictamnus cretensis)	Enarratio 35
304	De pseudodictamno (falsa dictamnus, falsum dictamnum)	Enarratio 36
304	De altera cretensi dictamno (altera cretensis dictamnus)	Enarratio 37
304	De salvia (salvia / de la sauge)	Enarratio 38
305	De menta (menta / de la mente)	Enarratio 39
305	De mentastro (mentastrum, menta sylvestris / mentastro)	Enarratio 40
306	De nepeta, sive calamintha (calamintha, nepita, calamenthum / calamintha de le herbe au chat)	Enarratio 41
307	De thymo (thymus, serpyllum romanum / du thin, du thim)	Enarratio 42
307	De tymbra (thymbra, satureia, cunila / de la sarriette)	Enarratio 43
307	De serpillo (serpillum / du serpolet)	Enarratio 44
308	De sampsucho (sampsuchus, amaracus odorifera / mariolaine)	Enarratio 45
308	De meliloto (melilotus, melilotum, serula campana, corona regia / meliloto)	Enarratio 46
309	De maro (maron)	Enarratio 47
309	De acino (acinus, basilicon / du basiliqui)	Enarratio  48. De bacchari (baccharis)
310	De ruta (ruta / de la rue)	Enarratio 50
310	De sylvestri ruta (ruta sylvestris, harmel, armel, caryophylli ultramarini)	Enarratio 51
312	De moly (moly)	Enarratio 52
312	De panace (panax heracleon, panaces heraculeon)	Enarratio 53
312	De panace Asclepiade (panax Asclepias)	Enarratio 54
312	De panace Chironio (panaces Chironion)	Enarratio 55
313	De ligustico (ligusticum, libysticum)	Enarratio 56
313	De pastinaca erratica (pastinaca erratica, baucia alba / des pastenades)	Enarratio 57
313	De seseli Massiliensi (seseli Massiliense, siler montanum)	Enarratio 58
314	De seseli Aethiopico. De seseli Peloponnesiaco. De tordylo : id est Cretico seseli	Enarratio 59, 60, 61. De sisone sive sinno herba (sison, sinnon, sinnus herba)
314	De aniso (anisum / anis)	Enarratio 63
314	De caro (karon, carum, careum, carvi / des carottes)	Enarratio 64
315	De anetho (anethum / anet)	Enarratio 65
315	De cymino (cyminum, cuminum / cumin)	Enarratio 66
315	De cymino rustico (cyminum sylvestre, cyminum rusticum, cuminum sylvestre / cumin saulvage)	Enarratio 67
316	De semine ammi dicto (ammi, semen ammeos, cyminum Aethiopicum)	Enarratio 68
316	De coriandro (corianum, coriandrum / coriandre)	Enarratio 69
318	De hieraceo maiori (hieraceum maius, lactuca erratica)	Enarratio 70
318	De hieraceo minore (hieraceum minus, lactuca erratica)	Enarratio 71
319	De apio sativo (apium hortense, apium sativum, petroselinum vulgare / du persil cultive)	Enarratio 72
319	De palustri apio (eleoselinum, palustre petroselinum / persil de leau)	Enarratio 73
320	De oreoselino (oreoselinum, montanum apium / du persil des montaignes)	Enarratio 74
320	De petroselino (petroselinum, apium commune, vulgo apio / delache)	Enarratio 75
320	De hipposelino, quod olus atrum dicitur (hipposelinon, olus atrum, grana de apium, livisticum / levesse, ou livesche)	Enarratio 76
321	De smyrnio (smyrnion, apium Macedonicum / apio macedonico, du persil macedoine)	Enarratio 77
322	De elaphobosco, id est, cervorum pabulo (elaphoboscum, pabulum cervorum, cerviocellum)	Enarratio 78
323	De foeniculo (marathrum, foeniculum / du fenouil). De sylvestri sive erratico foeniculo (sylvestre foeniculum)	Enarratio 79
323	80. De dauco (daucus / carote saulvage, ou panet saulvage)	Enarratio 81
324	De delphinio (delphinium herba)	Enarratio 82
328	De pyrethro (pyrethrum / pied dalexandri, ou pied de lisandre)	Enarratio 83
328	De libanotide, id est rosmarino (libanotis, rosmarinus / rosmarin). De canchry (canchrys, fructus libanotidis). De rosmarino coronaria (rosmarinus coronaria)	Enarratio 84
328	85. 86	
329	De sphondylio (sphondylium, spondylion, verticillaris herba, rutinalis herba)	Enarratio 87
330	De ferula (ferula / ferula)	Enarratio 88
330	De peucedano (peucedanum, foeniculum porcinum)	Enarratio 89
331	De melanthio (melanthium, nigella, gito, aliud piper / nielle ortelana)	Enarratio 90
331	De laserpitio (silphium, laserpitium planta, laser, liquor Cyrenaicus, assa odorifera, belzuinum, belzuinum bonum / belzoino). Succus silphij in Syria nascentis (succus Syriacus, succus medicus, liquor Syriacus, liquor medicus : assa foetida, stercus diaboli, vulgo, assa fetida)	Enarratio 91, 92
333	De sagapeno (sagapenum, serapinum : vulgo serapino)	Enarratio 93
334	De euphorbio (euphorbium / euforbio)	Enarratio 94
335	De chalbano (chalbanes, chalbanum, galbanum : vulgo, galbano)	Enarratio 95
335	De ammoniaco (ammoniacum, armoniacum : vulgo, armoniaco)	Enarratio 96
335	De sarcocolla (sarcocolla, carnem glutinans)	Enarratio 97
336	De glaucio (glaveium, memitha, succus herbae Syriacae)	Enarratio 98
336	De glutino (glutinum, ligni glutinum, taurocolla / colla)	Enarratio 99
337	De glutine piscium (ichthyocolla, piscium gluten / colla du poysons)	Enarratio 100
337	De visco (viscum / vischio)	Enarratio 101
338	De aparine (aparine, philanthropos, rubea sylvestris, aspergula / grateron)	Enarratio 102
338	De alysso (alysson, rubea minor / garance petite)	Enarratio 103
339	De Asclepiade herba (Asclepias)	Enarratio 104
339	De atractylide (atractylis, fusus agrestis, colus rustica, agrestis cnicus, cartamus sylvestris, carduus benedictus / cardon benoit)	Enarratio 105
340	De polycnemone (polycnemon)	Enarratio 106
341	De clinopodio (clinopodium, pes lecti, montanum pulegium)	Enarratio 107
341	De leontopetalo (leontopetalon, pata leonis)	Enarratio 108
341	De teucrio (teucrion, pimpinella)	Enarratio 109
342	De chamaedry (chamaedrys, trixago, infina quercus herba / petit chesne, vel chesnette)	Enarratio 110
342	De leucade (leucas, atriplex rustica)	Enarratio 111
343	De lychnide (lychnis, bellaria, lychnis coronaria). De lychnide agresti (lychnis agrestis)	Enarratio 112
343	113. De lilio (crinon, lilium, lilium album, regius flos, iunonis rosa / lisso, fleur du lisso)	Enarratio 114
344	De ballote (ballote, marrubium nigrum, marrubium foetidum / du marrubin noir)	Enarratio 115
344	De melissophyllo (melissa citrago, herba citraria, apiastrum / dela melisse)	Enarratio 116
345	De marrubio (prasium marrubium / du marrubino)	Enarratio 117
345	De stachy (stachys, herba odoratissima)	Enarratio 118
346	De phyllitide (phyllitis, lingua cervina / langue de cerf)	Enarratio 119
347	De phalangio (phalangium)	Enarratio 120
347	De triphyllo (trifolium, trifolium bituminosum, oxytriphyllon, trifolium pratense, menyanthes)	Enarratio 121
348	De polio (polium, polium montanum / polio montano)	Enarratio 122
349	De scordio (scordium, trixago aquatica, palustris trixago, herba alliaria / de la germandree)	Enarratio 123
349	De tussilagine (bechion, tussilago, farfara, farfarella / patte a cheval)	Enarratio 124
350	De artemisia (artemisia, valentina herba / de larmoise). Secunda tenuior artemisia (tenuior artemisia, matricaria / de lespargoute)	Enarratio 125
350	De ambrosia (ambrosia, tanacetum / tageten)	Enarratio 126
351	De botry (botrys)	Enarratio 127
351	De geranio (geranium, gruaria herba, rostrum ciconiae, rostrum gruis, primum geranium / rostro di cicongie)	Enarratio 128
352	De gnaphalio (gnaphalium, tomentum, centum culus, centumcularis herba)	Enarratio 129
352	De typha (typha / marteau)	Enarratio 130
353	De circaea (circaea)	Enarratio 131
353	De oenanthe (oenanthe, filipendula, saxifraga rubea / filipendula)	Enarratio 132
354	De conyza (conyza, pulicaria)	Enarratio 133
354	De hemerocalli (sylvestre lilium, lilium pallidum / lis gaulne)	Enarratio 134
355	De violis leucois dictis (leucoion, viola alba, viola matronalis, arabice, keiri / du keiri)	Enarratio 135
355	De crataeogono (crataeogonos)	Enarratio 136
356	De folio herba (phyllon, folium)	Enarratio 137
356	De orchi (testiculus canis). Alter testiculus canis (alter testiculus canis)	Enarratio 138,139
357	De satyrio trifolio dicto (satyrion triumfoliorum, satyrion triphyllon). De altero satyrio (satyrium alterum, molorticulum veneris)	Enarratio 140
357	141. De orminio (orminum, scarlea, sclarea, matri salvia, herba Sancti Ioannis, galli crista, gallitricum, centrum galli / de la tutebone, vel orvale)	Enarratio 142
358	De hedysaro (securidaca, pelecinus)	Enarratio 143
358	De onosma (onosma)	Enarratio 144
358	De nymphaea (nymphaea alba, nenuphar album / blanc de eau). De altera nymphaea altera nymphaea, lutea nymphaea, nenuphar luteum / iaulne de leau)	Enarratio 145, 146
359	De androsace (androsaces)	Enarratio 147
360	De asplenio, sive scolopendrio (asplenium, splenium, scolopendrium, scolopendria herba, caeterach / ceterach)	Enarratio 147
360	De hemionitide (hemonitis, species phyllitidis, species linguae cervinae)	Enarratio 149
360	De amhyllide (amhyllis, herba vitri, kalt / soda)	Enarratio 150
361	De anthemide (anthemis, chamomilla, chamaemalum / della camomille)	Enarratio 151
362	De parthenio (parthenium, cotula foetida, amaracus foetida / cotula fetida)	Enarratio 152
362	De buphthalmo (buphthalmus, bovis oculus, cappacorania, crispula herba / oeil de boeuf)	Enarratio 153
363	De paeonia (glycysida, paeonia)	Enarratio 154
363	De lithospermo (lithospermon, lachryma, lachryma Mariae)	Enarratio 155
364	De phalaride (phalaris, milium solis / milium solis)	Enarratio 156
364	De erythrodano (rubia tinctorum, rubia passiva / carance)	Enarratio 157
365	De lonchitide (lonchitis, lanceola). De altera lonchitide (altera lonchitis, altera lanceola)	Enarratio 158
365	159. De althaea (althaea, agrestis malva, hibiscus, medica herba, malvaviscus / guimmauves)	Enarratio 160
366	De alcea (alcaea, herba ungarica, herba Simeonis, silvestris malva / guimauve sauvaige, ou rustique)	Enarratio 161
366	De cannabi sativa (cannabis sativa / du chanvre). De cannabi sylvestri	Enarratio  162. 163
367	De anagyri (anagyris arbor)	Enarratio 164
367	De cepaea (cepaea herba)	Enarratio 165
367	De alismate (alisma, damasonium, barba sylvana, plantago aquatica, fistula pastoris / plantain aquatique)	Enarratio 166
368	De onobrychi (onobrychis, opaia)	Enarratio 167
368	De hyperico (hypericum, milleperforata, fuga demonum, perforata / millepertuis)	Enarratio 68
369	De ascyro (ascyron, herba hircina)	Enarratio 169
370	De androsaemo (androsaemum, hyperici species)	Enarratio 170
370	De cori (coris, altera species hyperici)	Enarratio 171
370	De chamaepity (chamaepitys, humilis pinus, infima pinus, aiuga, abiga, ibiga, iva arihetica / ive). De altera chamaepity (altera chamaepitys, iva moschata)	Enarratio 172, 173
372	In Dioscoridis Anazarbei de medica materia, librum quartum, enarrationes doctoris Amati Lusitani medici in Italia celebratissimi. De betonica (cestron, betonica, psychotrophon, vetonica, serratula / betoine, ou de la betosne)	Enarratio capitis primi
373	De britannica (britannica, bistorta). Secunda bistorta (heptaphyllon, septemfolium, bistorta secunda, tormentilla)	Enarratio capitis secundi
374	De lysimachia (lysimachia, salicaria)	Enarratio 3
375	De polygono masculo (polygonon centinodia, centumnodia, seminalis herba, corrigiola, proserpinaca, sanguinaria, sanguinalis / herba des innocens). De polygono foemina (polygonon foemina, sanguinalis foemina, sanguinaria, corrigiola foemina, entinodia foemina)	Enarratio 4
375	5. De polygonato (polygonatum, geniculata fraxinella, secacul, sigillum salamonis, sigillum Mariae / signet de Salomon)	Enarratio 6
376	De clematide (clematis, vincapervinca / du liseron)	Enarratio 7
376	De altera clematide (altera clematis, ambuxum, flammula)	Enarratio 8
377	De polemonio (polemonium, ruta capraria / ruta capraria)	Enarratio 9
377	De symphyto petraeo (symphytum petraeum, consolida / bugle)	Enarratio 10
378	De altero symphyto (symphytum alterum, consolida maior, alum, solidago / de la consyre)	Enarratio 11
379	De holosteo (holosteon, canis denticulum, gramen molle)	Enarratio 12
379	De stoebe (stoebe, colymbas, phleon)	Enarratio 13
380	De clymeno (clymenus)	Enarratio 14
381	De periclymeno (periclymenos, volucrum maius, mater sylva, vinciboscum / chevrefueille)	Enarratio 15
381	De tribulo (tribulus / triboli). De tribulo aquatico (tribulus aquaticus / triboli aquatici)	Enarratio 16
382	De saxifraga, saxifraga, saxifragia / saxifraga)	Enarratio 17
383	De limonio (limonium, beta sylvestris)	Enarratio 18
383	De lagopo (pes leporinus, lagopus, leporis cummum, herba trinitatis / herba du trinite)	Enarratio 19
384	De medio (medion)	Enarratio 20
384	De epimedio (epimedium, vindicta)	Enarratio 21
385	De xiphio (xiphium, gladiolus)	Enarratio 22
385	De sparganio, sive xiphidio (sparganium, xiphidion, spatula foetida)	Enarratio 23
385	De xyride (xyris, sylvestris irus, gladiolus purpurea / gladiolo du fleur purpureo)	Enarratio 24
386	De anchusa (anchusa / anchusa). De secunda anchusa. De tertia anchusa	Enarratio 25, 26, 27
387	De lycopside (lycopsis, anchusa altera species)	Enarratio 28
387	De echio (echion, alcibiadion, alcibiacum, buglossus sylvestris / bugloso sauvage)	Enarratio 29
388	De ocymastro (ocymoides, philiterium, ocymastrum, ocymum sylvestre, basilicum sylvestre / basilic sauvage)	Enarratio 30
388	De erino, sive echino (erinon, echinos, ocymum aquaticum, basilicum aquaticum / basilic aquatique)	Enarratio 31
389	De gramine (gramen / dent de chien). De calamagrosti (harundinaceum gramen / dent de chien grosse). De gramine parnassi (gramen parnassi montis)	Enarratio 32, 33, 34
391	De sideritide (sideritis, vertemnum, solastrum)	Enarratio 35
392	De sideritide secunda. De syderitide tertia, heraclea dicta	Enarratio 36
392	37. De achillea (achillea, supercilium veneris)	Enarratio 38
392	De rubo (rubus, sentis rubus / des ronces)	Enarratio 39
393	De rubo idaeo (rubus idaeus, sentis idaeus / ung framboisier)	Enarratio 40
394	De helxine (helxine, parthenium, parietaria, herba muralis, herba urceolaris, herba vitri, perditium / paritoire)	Enarratio 41
394	De helxine syssampelo (helxine syssampelos, vitis hederacea, convolvolum parvum, volubilis parva / liz et vel lizeron, aut campanette)	Enarratio 42
395	De elatine (elatine)	Enarratio 43
395	De eupatorio (eupatorium, agrimonium, agrimonia / delempatoire ou aigremonie)	Enarratio 44
396	De pentaphyllo (pentaphyllon, qninque folium / quinte fueille)	Enarratio 45
396	De phoenice herba (herba phoenix, bordeum murinum, lolium murinum, avena sterilis / yvraie sauvage)	Enarratio 46
397	De idaea radice (idaea radix, radix e monte Idae)	Enarratio 47
397	De Rhodia radice (radix Rhodia)	Enarratio 48
398	De hippuri, equiseto herba (hippuris, equisetum herba, salix equina, cauda equina, equi cauda / prela). De altera hippuri (altera hippuris, altera cauda equina / prela aultra)	Enarratio 49, 50
399	De grano quod tingendo est (coccus baphicus, granum infectorium, grana infectoria / vermel)	Enarratio 51
400	De tragio frutice (tragium)	Enarratio 52
400	De alio tragio frutice (aliud tragium, cornulaca)	Enarratio 53
400	De trago, sive trabo (tragus, tragus scorpion, kali herba / soda)	Enarratio 54
401	De iunco (iuncus, acuminatus iuncus, levis iuncus / iunce)	Enarratio 55
401	De lichene (lichen, iecoraria, hepatica / hepatica)	Enarratio 56
402	De paronychia (paronychia, unguinalis herba)	Enarratio 57
402	De chrysocome herba (chrysocome, chrysites, barba Iovis, amaran thus vulgaris / fleur de amurs)	Enarratio 58
403	De chrysogono (chrysogonon, arilaria)	Enarratio 59
403	De Helio chryso (Helio chrysos, amaranthus, Galeni amaranthus luteus, amaranthus aureus, sthoechas citrina / stichados citrina)	Enarratio 60
403	De chrysanthemo (chrysanthemum, caltha, calendula, solis sponsa, herba totius mensis / du soulzilz)	Enarratio 61
404	De agerato (ageratum, nunquam senescés flos, eupatorium mesues)	Enarratio 62
404	De verbenaca recta (peristerreon recta, verbenaca recta, verbenaca masculus, crista gallinacea / vervaine). De verbeneca supina (peristereon supina, verbenaca supina, verbenaca foemina, hierobotane, herba sacra, cincimalis herba)	Enarratio 63, 64
405	De astragalo (astragalus, muris cauda radix)	Enarratio 65
405	De hyacintho (hyacinthus / hyacintho)	Enarratio 66
406	De papavere erratico (mecon rhoeas, papavere erraticum, papaver rubrum / du coquelicoq)	Enarratio 67
407	De sativo papavere (sativum papaver, alterum papaver album, alterum papaver nigrum / du pavoth bianche e noiro)	Enarratio 68
408	De corniculari papavere (papaver cornutum, corniculare papaver, fabiolum marinum / du pavoth marine)	Enarratio 69
409	De spumeo papavere (spumeum papaver, Heraclium papaver, Herculeum papaver)	Enarratio 70
409	De hypecoo herba (hypecoon, hypecoum)	Enarratio 71
409	De hyoscyamo (hyoscyamus, iusquiamus, Appollinaris herba, altercum / iusquiamo)	Enarratio 72
410	De psyllio (psyllium, pulicaris herba / herbe apuces)	Enarratio 73
410	De solano (strychnon, solanum esculentum, solatrum hortense, herba Maura / morelle)	Enarratio 74
411	De solano vesicario (halicacabon, solanum vesicarium, alkakengi / baga nauldes)	Enarratio 75
411	De solano somnifico (solanum somniferum, vel somnificum, solastrum somniferum, vel dormitorium / morele que fe dormir)	Enarratio 76
412	De solano furioso (furiosum solanum, solatrum furiosum)	Enarratio 77
412	De dorycnio (dorycnium, lunaris herba, lunaria herba, stella terrae / lunaria herba)	Enarratio 78
413	De mandragora (mandragora, pomum terrestre, pomum caninum, circe / mandragore)	Enarratio 79
414	De aconito pardalianche (aconitum interficiens leones, pardos, aconitum interficiens pantheras / aconito)	Enarratio 80
415	De altero aconito (lycoctonon, cynoctonon, alterum aconitum, herba lupos interficiens, luparia herba / luparia herba)	Enarratio 81
417	De cicuta (conion, cicuta / cigue)	Enarratio 82
418	De taxo arbore (smilax arbor, taxus arbor / if)	Enarratio 83
418	De apocyno (apocynon, brassica rustica, brassica canina)	Enarratio 84
418	De nerio (nerion, rhododaphne, rododendrum / rosage, o rosagine)	Enarratio 85
419	De fungis (mycetes, fungus / champignon)	Enarratio 86
419	De colchico ephemero (colchicon ephemerum, ephemerum venenosum, lethale ephemerum, hermodactylus, Mercurii digitus)	Enarratio 87
420	De ephemero (ephemerum, ephemerum non lethale, iris sylvatica, lilium convallium)	Enarratio 88
420	De lente palustri (latme, lenticula palustris, lens aquatica / lentille aquatique)	Enarratio 89
421	De sedo maiori (aizoum maius, sedum maius, sempervivum maius, semperviva maior, barba Iovis / de la ioubarbe, triquemadame). De sedo minori (aizoum minus, sedum minus, sempervivum minus, semperviva minor, faba inversa, faba crassa, crassula herba)	Enarratio 90
421	91. De tertio sedo (aizolon aterum, telephium, portulaca sylvestris, vermicularis herba / pain doyseau)	Enarratio 92
422	De umbilico veneris (cotyledon, acetabulum, umbilicus veneris, cymbalaria / des escudes). De altero umbilico veneris (alterum genus umbilici veneris, cymbalion, alterum acetabulum)	Enarratio 93, 94
423	De urtica (acalephe, urtica / ortie griace)	Enarratio 95
423	De galiopsi (galiopsis, urtica labeo, urtica fatua, urtica foetida / ortie morte)	Enarratio 96
424	De gallio (gallium, lac coagulans herba / florastre, vel petit muguet)	Enarratio 97
424	De senecione herba (erigeron, senecio, herba cruciata / du senesson)	Enarratio 98
425	De thalictro (thalictrum, thalietrum)	Enarratio 99
425	De musco marino (bryon thalassion, muscus marinus, corallina / corallina)	Enarratio 100
426	De marina alga (phycon thalattion, marina alga / alga marine)	Enarratio 101
426	De potamogetone (potamogeton, fontinalis herba, pulmonaria herba)	Enarratio 102
426	De stratiote aquatico (stratiotes fluviatilis, stratiotes aquaticus)	Enarratio 103
427	De stratiote, millefolia dicta herba (stratiotes millefolia herba, millefolium / mille fueille)	Enarratio 104
427	De verbasco (phlomos, verbascum, thapsus barbatus)	Enarratio 105
428	De Aethiopide herba (Aethiopides herba)	Enarratio 106
428	De arctio (arctium)	Enarratio 107
428	De personacia (arcium aliud, personacia, philanthropos, lappa maior, bardana / gletteron, ou glouteron)	Enarratio 108
429	De petasite (petasites)	Enarratio 109
429	De epipactide sive elleborine (epipactis, elleborines, elleborina)	Enarratio 110
429	De fumaria herba (capnos, fumaria herba, fumus terrae / fumeterre ou pied de geline)	Enarratio 111
430	De sativa loto (lotos domestica, sativa lotos, trifolium sativum, oxytriphyllon, acetosum trifolium, panis cuculi, alleluya, trifolium acetosum, oxys / trefle acetoso, vel pain a coquu)	Enarratio 112
431	De sylvestri loto (lotos sylvestris, trifolium sylvestre, falsum melilotum / meliloto)	Enarratio 113
431	De cytiso (cytisus, trifolium odoratum, herba maura, herba flaura, planta leonis / trefle odore)	Enarratio 114
432	De loto Aegyptia (lotus Aegyptia)	Enarratio 115
432	De myriophyllo (myriophyllon, millefolium aquaticum)	Enarratio 116
432	De myrrhide, herba (myrrhis, cicutaria)	Enarratio 117
432	De myagro (myagros, melampyron, triticum nigrum / camelina, camanina)	Enarratio 118
433	De oenagra (oenagra, onagra herba)	Enarratio 119
433	De cirsio (cirsion, buglossa, buglossus, lingus bovis / langue du beuf)	Enarratio 120
433	De astere attico (aster atticus, inguinalis herba, inguinaria, bubomum, alibium, stellaria herba)	Enarratio 121
434	De isopyro (isopyron herba)	Enarratio 122
434	De viola purpurea (ion porphyrion, viola purpurea / violette de Mars)	Enarratio 123
435	De cacalia herba (cacalia)	Enarratio 124
435	De bunio (bunion, napum, scopa regia)	Enarratio 125
435	De pseudobunio (pseudobunion, falsum bunium, mendosum bunium)	Enarratio 126
436	De chamaecysso (chamaecyssos, terrestris hedera, terrestris herba)	Enarratio 127
436	De chamaeleuce (chamaeleuce, chamaepeuce)	Enarratio 128
436	De buglosso (buglossus, borrago / bourrache, ou bourroche)	Enarratio 129
437	De cynoglossa (cynoglossa, canis lingua, lingua canina / langue de chien)	Enarratio 130
437	De phyteumate (phyteuma)	Enarratio 131
437	De leontopodio (leontopodion)	Enarratio 132
437	De hippoglosso (hippoglossus, hippoglossidion, uvularia, pagana lingua, bonifacia, bislingua absque fructu, laurus Alexandrina sterilis, laurus Alexandrina foemina)	Enarratio 133
438	De antirrhino (antirrhinon, anarrhinon, burranion, caput vitulinum, bubulum caput, oculus cati / moron violet)	Enarratio 134
439	De catanance (catanance, unguis milvinus)	Enarratio 135
439	De tripolo (tripolium, serapionis turbit)	Enarratio 136
439	De adianto (adianton, capillus veneris, coriandrum aquaticum, cincinnalis herba / capillo veneris)	Enarratio 137
440	De trichomane (trichomanes, polytrichum, callitrichum / du polytricon)	Enarratio 138
441	De xanthio (xanthium, lappa minor / grapellas)	Enarratio 139
441	De aegilope (aegilops, avena quaedam sylvestris)	Enarratio 140
441	De bromo (bromos, avena sylvestris / avoyne sauvage)	Enarratio 141
442	De glauce (glaux)	Enarratio 142
442	De polygalo (polygalum)	Enarratio 143
442	De osyride (urinalis herba, imaria herba, linosa herba / linaria herba)	Enarratio 144
443	De smilace aspera (smilax aspera, hedera cilissa, volubilis spinosa / du liere des ronches)	Enarratio 145
444	De smilace leni (smilax lenis, smilax sine aculeis, convolvulus maior, volubilis maior / fasecles, vel liset maior)	Enarratio 146
444	De rusco (oxymyrsine, ruscus, sylvestris myrtus / brusco)	Enarratio 147
444	De lauro alexandrina (daphne alexandrea, daphne idaea, laurus alexandrina herba, laurus alexandrina masculus, laurus alexandrina fructifera, uvularis / lauro alexandrino)	Enarratio 148
445	De daphnoide (daphnoides, laureola herba / de la laureolle). De chamaedaphne (chamaedaphne, humilis laurus, terrestris laurus)	Enarratio 149, 150
446	De helleboro al bo (helleborus albus, veratrum album / ellebore blanche). De helleboro nigro (helleborus niger, veratrum nigrum, melampodium / ellebore noire)	Enarratio 151, 152
448	De sesamoide magno (sesamoides magnum). De sesamoide minori (sesamoides minus)	Enarratio 153
448	154. De sylvestri cucumere (sicyos agrios, cucumis agrestis, cucumer agrestis, cucumis anguinus, sylvestris / concombre sauvage). De succo cucumeris sylvestris (elaterium)	Enarratio 155
449	De staphide agria (staphis agria, herba pedicularis, pedicularia herba, uva agrestis staphusaria / de le estaphisagrie, ou le herbe au poulx)	Enarratio 156
450	De thapsia (thapsia / thapsia)	Enarratio 157
450	De sparto (spartum, genista / du genet)	Enarratio 158
451	De silybo (silybum)	Enarratio 159
451	De glande unguentaria (balanos myrepsica, myro balanus, glans unguentaria)	Enarratio 160
452	De narcisso (narcissus)	Enarratio 161
453	De hippophaë herba (hippophaës, lappago)	Enarratio 162
453	De hippophaesto herba (hippophaeston)	Enarratio 163
453	De ricino (ricinus, croton, cataputia maior, cherva maior, granum regum , palma Christi / palma Christi herba)	Enarratio 164
454	De septem titymali generibus (tithymalum, lactaria herba / herbe a laict, vel du tithimale)	Enarratio 165
455	De pityusa (pityusa, turbit nigrum, alsebram maius, esula maior)	Enarratio 166
455	De lathyri (lathyris, cataputtia minor / espurge)	Enarratio 167
456	De peplo (peplum, esuda rotunda / reveille matin des vignes)	Enarratio 168
456	De peplio (peplion, peplis)	Enarratio 169
456	De chamaesyce (chamaesyce, peplum minus, ficus terrestris)	Enarratio 170
457	De scammonia (scammonion, scammonia, colophonium)	Enarratio 171
458	De chamaelaea (oleastellum, mezereon, chamaelaea, leo terrae)	Enarratio 172
458	De thymelaea (thymelaea / thymelea)	Enarratio 173
459	De sambuco (sambucus, sabucus / sus, du suin). De ebulo (chamaeacte, ebulus, humilis sambucus / hyeblu)	Enarratio 174
460	De pycnocomo (pycnocomum)	Enarratio 175
460	De apio herba (radix sylvestris, apios / une rave sauvage)	Enarratio 176
460	De colocynthide (colocynthis, cucurbita sylvestris, coloquintida / des coloquintes)	Enarratio 177
461	De epithymo (epithymum, flos thymi / epithimo). De altero epithymo (cuscuta, cassuta, podagra lini, linodera, amplexi caulis, herba capillaris / cuscuta)	Enarratio 178
462	De alypo (alypon, alypia, turbit album, turbit orientale)	Enarratio 179
462	De empetro (empetron, calcifraga)	Enarratio 180
463	De sylvestri vite (vitis sylvestris)	Enarratio 181
463	De vite alba (ampelos leuce, vitis alba, bryonia / du feu ardant, de la couleuree)	Enarratio 182
464	De vite nigra (ampelos melaena, vitis nigra, uva tamminia / espece de coleure, ayant les racines et sementz noirs)	Enarratio 183
464	De filice (pteris, filix, filix masculus / feuchiere). De filice foemina (thelypteris, foemina filix / ut supra)	Enarratio 184, 184
465	De polypodio (polypodium, filicula / du polypode)	Enarratio 186
465	De dryopteri (dryopteris, filix quercus, filix quercina / feuchiere du chesne)	Enarratio 187
466	De cnico (cnicos, cartamus, crocus sylvestris / saffran saulvaige)	Enarratio 188
466	De mercuriali (linozotis, mercurialis / mercuriale)	Enarratio 189
467	De cynocrambe (cynocrambe, canina brassica, mercurialis canina / mercurielle du chien)	Enarratio 190
467	De heliotropio maiori (heliotropium maius, herba cancri, solaris herba, scorpiurus herba, verrucaria maior / verruaria). De heliotropio minori (heliotropium minus, solaris minor, verrucaria minor)	Enarratio 191, 192
468	De scorpioide (scorpioides)	Enarratio 193
469	De vite vinifera	Enarratio primi capitis
469	De labrusca	Enarratio 2
469	De uvis	Enarratio 3
470	De uva passa	Enarratio 4
470	De oenanthe	Enarratio 5
470	De omphacio, idest agresta	Enarratio 6
471	De vino	Enarratio 7
472	De vino melitite	Enarratio 8
472	De mulso	Enarratio 9
472	De mulsa sive melicrato	Enarratio 10
473	De aqua	Enarratio 11
473	De aqua maris	Enarratio 12
474	De thalassomelle	Enarratio 13
474	De aceto	Enarratio 14
474	De oxymelite	Enarratio 15
474	De oxalme	Enarratio 16
474	De thymoxalme	Enarratio 17
475	De aceto scillitico	Enarratio 18
475	De vino scillitico	Enarratio 19
475	De vinis aqua marina concinnatis	Enarratio 20
475	De vino cotoneorum	Enarratio 21
475	De hydromalo	Enarratio 22
475	De omphacomele	Enarratio 23
475	De vino ex pyris	Enarratio 24
475	De vino oenanthino	Enarratio 25
475	De vino malorum granatorum	Enarratio 26
476	De vino rosaceo	Enarratio 27
476	De vino ex baccis myrti	Enarratio 28
476	De vino myrteo	Enarratio 29
476	De lentiscino et terebinthino vino	Enarratio 30
476	De palmeo vino	Enarratio 31
476	De vino ex caricis confecto. De vino resinato	Enarratio 32
476	33. De vino ex pineis mucibus condito. De vino ex cedro, ac alijs fructibus confecto. De vino picato	Enarratio 34, 35, 36
477	De vino absinthite	Enarratio 37
477	De vino hyssopite	Enarratio 38
477	De pluribus et ex diversis plantis conditis vinis	Enarratio 39
477	De vino aromatite	Enarratio 40
477	De vinis pluribus diversisque odoramentis conditis	Enarratio 41
477	De varijs vinis ex varijs herbis confectis	Enarratio 42
477	De varijs lapidibus metallicis, et primo de cadmia	Enarratio 43
479	De pompholyge, et spodio	Enarratio 44
480	De antispodio	Enarratio 45
480	De aere cremato	Enarratio 46
480	De flore aeris	Enarratio 47
481	De squama aeris	Enarratio 48
481	De squama chalybis, dicta stomoma	Enarratio 49
481	De rasili aerugine, quam viride aeris vacant. De aerugine scoletia, id est vermiculari aerugine	Enarratio 50, 51
482	De ferri rubigine. De scoria ferri	Enarratio 52
482	53. De lotura plumbi, et eloto plumbo. De coctura plumbi, et cremato plumbo	Enarratio 54
482	55. De scoria sive recremento plumbi	Enarratio 56
483	De lapide plumbario	Enarratio 57
484	De stimmio	Enarratio 58
484	De molybdaena artificiali Galena dicta. De molybdaena fossili, sive naturali dicta	Enarratio 59, 60
485	De argenti scoria	Enarratio 61
485	De lithargyro, idest spuma argenti	Enarratio 62
486	De cerussa (psimmithum, cerussa / ceruse)	Enarratio 63
486	De chrysocolla (chrysocolla, auricolla, borax / borace)	Enarratio 64
487	De armenio lapide	Enarratio 65
487	De lapide cyaneo (lapis cyaneus, lapis caeruleus, lapis lazuli)	Enarratio 66
488	De indico lapide (lapis indicus, indicum, succus issatidis herbae / nihil)	Enarratio 67
488	De ochra (ochra)	Enarratio 68
488	De cinnabari (cinnabaris, sanguis draconis, lachryma draconis arboris / seng di dracon). De cinnabrio fossili, et artificiali (cinnabrium fossile, minium naturale)	Enarratio 69
489	De argento vivo (hydrargyros, argentum vivum / argent vive)	Enarratio 70
491	De rubrica sinopide	Enarratio 71
492	De rubrica fabrili, quam Hispani almagri dicunt, Germani vero bergrotel	Enarratio 72
492	De terra lemnia	Enarratio 73
493	De chalcantho (chalcanthos, atramentum sutorium, vitriolum / vitriolo)	Enarratio 74
494	De chalcitide	Enarratio 75
494	De psorico	Enarratio 76
494	De misy	Enarratio 77
495	De melanteria (melanteria, metallicum atramentum)	Enarratio 78
495	De sory (sory, vitriolum romanum / vitriolo romano)	Enarratio 79
496	De diphrige	Enarratio 80
496	De arsenico, id est auripigmento (arsenicum croceum, auripigmentum). De sandaracha (sandaracha fossilis, arsenicum rubeum)	Enarratio 81, 82
497	De alumine (stiptere, alumen)	Enarratio 83
498	De sulphure (sulphur / sulphur)	Enarratio 84
499	De punice lapide (cisseris, lapis pumex)	Enarratio 85
499	De sale. De spuma salis. De muria. De flore salis	Enarratio 86, 87, 88, 89
501	De nitro. De spuma nitri	Enarratio 90
501	91. De fece vini	Enarratio 92
502	De calce vina	Enarratio 93
502	De gypso	Enarratio 94
502	De sarmentorum vitium cinere	Enarratio 95
503	De halcyonio (halcyonium, spuma maris / alcyonio)	Enarratio 96
503	De adarce	Enarratio 97
504	De spongijs	Enarratio 98
504	De corallio	Enarratio 99
505	De lapide phrygio	Enarratio 100
505	De lapide asio	Enarratio 101
505	De pyrite lapide, marchasita dicto	Enarratio 102
506	De haematite, lapide sanguinario dicto	Enarratio 103
506	Dae schisto lapide	Enarratio 104
507	De gagate	Enarratio 105
507	De lapide thracio	Enarratio 106
507	De magnete lapide	Enarratio 107
508	De lapide arabico	Enarratio 108
508	De galactite, idest lactario lapide. De melitite	Enarratio 109
508	110. De morochtho lapide	Enarratio 111
508	De onyche, idest alabastrite lapide	Enarratio 112
508	De thyite lapide	Enarratio 113
509	De lapide iudaico	Enarratio 114
509	De amiantho lapide	Enarratio 115
509	De sapphiro lapide	Enarratio 116
510	De memphite lapide	Enarratio 117
510	De selenite : id est lunari lapide	Enarratio 118
510	De iaspide	Enarratio 119
511	De aetite : lapide aquilae dicto	Enarratio 120
511	De ophite, id est serpentario lapide	Enarratio 121
512	De lapide spongiarum	Enarratio 122
512	De lithocolla	Enarratio 123
512	De ostracite lapide	Enarratio 124
512	De smyre lapide	Enarratio 125
512	De arena marina	Enarratio 126
513	De naxio lapide	Enarratio 127
513	De lapide geode	Enarratio 128
513	De omni terra. 129. De eretria terra. 130. De terra samia (astrum samium, talchum)	Enarratio 131
513	De lapide samio. 132. De terra chia. 133. De terra selenusia. 134. De terra cimolia. 135. De terra pnigite. 136. De cinere marinarum testarum. 137. De terra rubra ex fornacibus. 138. De melia terra. 139. De ampelite terra. 140	Enarratio
514	De fuligine pictorum. De atramento librario	Enarratio 141
