mattioli_chapter	mattioli_book	mattioli_greek	mattioli_latin
I	1	Ἴρις	IRIS
II	1	Ἄκορον	AKORON
III	1	Μῆον	MEON
IV	1	Κύπερος	CYPERUS
V	1	Καρδάμωμον	CARDAMOMUM
VI	1	Νάρδος	NARDUM
VII	1	Νάρδος Κελτική	NARDUM CELTICUM
VIII	1	Νάρδος ὀρειτή	NARDUM MONTANUM
IX	1	Ἄσαρον	ASARUM
X	1	Φοῦ	PHU
XI	1	Μαλάβαθρον	MALABATHRUM
XII	1	Κασσία	CASSIA
XIII	1	Κιννάμωμον	CINNAMOMUM
XIV	1	Ἄμωμον	AMOMUM
XV	1	Κόστος	COSTUS
XVI	1	Σχοῖνος ἀρωματικός	IUNCUS ODORATUS
XVII	1	Κάλαμος ἀρωματικός	CALAMUS ODORATUS
XVIII	1	Βάλσαμον	BALSAMUM
XIX	1	Ἀσπάλαθος	ASPALATHUS
XX	1	Βρύον	MUSCUS
XXI	1	Ἀγάλλοχον	AGALLOCHUM
XXII	1	Νάρκαφθον	NARCAPHTHUM
XXIII	1	Κάγκαμον	CANCAMUM
XXIV	1	Κῦφι	CYPHI
XXV	1	Κρόκος	CROCUM
XXVI	1	Κροκόμαγμα	CROCOMAGMA
XXVII	1	Ἑλένιον	HELENIUM
XXVIII	1	Ὀμφάκινον, καὶ πᾶν ἔλαιον	OMPHACINUM, ET OMNE OLEUM
XXIX	1	Ἔλαιον τῆς ἀγριελαίης	OLEUM SYLVESTRIS OLIVAE
XXX	1	Σικυώνιον ἔλαιον	SICYONIUM OLEUM
XXXI	1	Ῥύπος	STRIGMENTUM
XXXII	1	Ἐλαιόμελι	ELAEOMELI
XXXIII	1	Κίκινον ἔλαιον	CICINUM OLEUM
XXXIV	1	Ἀμυγδάλινον ἔλαιον	AMYGDALINUM OLEUM
XXXV	1	Βαλάνινον ἔλαιον	BALANINUM OLEUM
XXXVI	1	Ὑοσκυάμινον ἔλαιον	HYOSCYAMINUM OLEUM
XXXVII	1	Μυρσίνινον ἔλαιον	MYRTEUM OLEUM
XXXVIII	1	Δάφνινον ἔλαιον	LAURINUM OLEUM
XXXIX	1	Σχίνινον ἔλαιον	LENTISCINUM OLEUM
XL	1	Μαστίχινον ἔλαιον	MASTICHINUM OLEUM
XLI	1	Μύρων σύνθεσις	UNGUENTORUM COMPOSITIO
XLII	1	Ῥόδινον	ROSACEUM
XLIII	1	Ἐλάτινον	ELATINUM
XLIV	1	Μήλινον	MELINUM
XLV	1	Ὠινάνθινον	OENANTHINUM
XLVI	1	Τήλινον	TELINUM
XLVII	1	Σαμψύχινον	SAMPSUCHINUM
XLVIII	1	Ὠκίμινον	OCIMINUM
XLIX	1	Ἀβροτόνινον	ABROTONINUM
L	1	Ἀνέθινον	ANETHINUM
LI	1	Σούσινον	SUSINUM
LII	1	Ναρκίσσινον	NARCISSINUM
LIII	1	Κρόκινον	CROCINUM
LIV	1	Κύπρινον	CYPRINUM
LV	1	Ἴρινον	IRINUM
LVI	1	Γλεύκινον	GLEUCINUM
LVII	1	Ἀμαράκινον	AMARACINUM
LVIII	1	Μεγαλεῖον	MEGALINUM
LIX	1	Ἡδύχρουν	HEDYCROUM
LX	1	Μετώπιον 	METOPIUM
LXI	1	Μενδήσιον	MENDESIUM
LXII	1	Στακτὴ	STACTE
LXIII	1	Κινναμώμινον	CINNAMOMINUM
LXIV	1	Νάρδινον	NARDINUM
LXV	1	Μαλαβάθρινον	MALABATHRINUM
LXVI	1	Ἰάσμινον	IASMINUM
LXVII	1	Σμύρνα	MYRRHA
LXVIII	1	Στύραξ	STYRAX
LXIX	1	Βδέλλιον	BDELLIUM
LXX	1	Λίβανος	THUS
LXXI	1	Φλοιὸς λιβάνου	CORTEX THURIS
LXXII	1	Μάννα λιβάνου	MANNA THURIS
LXXIII	1	Αἰθάλη λιβανωτοῦ	FULIGO THURIS
LXXIV	1	Πεύκη καὶ Πίτυς	PICEA ET PINUS
LXXV	1	Σχῖνος	LENTISCUS
LXXVI	1	Τέρμινθος	TEREBINTHUS
LXXVII	1	Ῥητίναι ἄλλαι	RESINAE ALIAE
LXXVIII	1	Πίσσα ὑγρά	PIX LIQUIDA
LXXIX	1	Πισσέλαιον	PICINUM OLEUM
LXXX	1	Λιγνύς τῆς ὑγρᾶς πίσσης	FULIGO LIQUIDAE PICIS
LXXXI	1	Πίσσα ξηρά	PIX ARIDA
LXXXII	1	Ζώπισσα	ZOPISSA
LXXXIII	1	Ἄσφαλτος	BITUMEN
LXXXIV	1	Πισσάσφαλτος	PISSASPHALTUM
LXXXV	1	Νάφθα	NAPHTHA
LXXXVI	1	Κυπάρισσος	CUPRESSUS
LXXXVII	1	Ἀρκευθίς	IUNIPERUS
LXXXVIII	1	Βράθυ{ς}	SABINA
LXXXIX	1	Κέδρος	CEDRUS
XC	1	Δάφνη	LAURUS
XCI	1	Πλάτανος	PLATANUS
XCII	1	Μελία	FRAXINUS
XCIII	1	Λεύκη καὶ Αἴγειρος	POPULUS ALBA ET NIGRA
XCIV	1	Μάκερ	MACER
XCV	1	Πτελέα	ULMUS
XCVI	1	Σαπρότης ξύλων	LIGNORUM MARCOR
XCVII	1	Κάλαμος	HARUNDO
XCVIII	1	Πάπυρος	PAPYRUS
XCIX	1	Μυρίκη	MYRICA
C	1	Ἐρείκη	ERICA
CI	1	Ἀκακαλίς	ACACALIS
CII	1	Ῥάμνος	RHAMNUS
CIII	1	Ἅλιμος	HALIMUS
CIV	1	Παλίουρος	PALIURUS
CV	1	Ὀξυάκανθα	ACUTA SPINA
CVI	1	Κυνόσβατος	RUBUS CANIS
CVII	1	Κύπρος	LIGUSTRUM
CVIII	1	Φιλλυρέα	PHILLYREA
CIX	1	Κίστος	CISTUS
CX	1	Λάδανον	LADANUM
CXI	1	Ἔβενος	EBENUS
CXII	1	Ῥόδον	ROSA
CXIII	1	Ῥοδίδες	ROSEI PASTILLI
CXIV	1	Λύκιον	LYCIUM
CXV	1	Ἀκακία	ACACIA
CXVI	1	Ἄγνος	VITEX
CXVII	1	Ἰτέα	SALIX
CXVIII	1	Ἀγριελαία	SYLVESTRIS OLEA
CXIX	1	Δάκρυον αἰθιοπικῆς ἐλαίας	LACRYMA AETHIOPICAE OLEAE
CXX	1	Ἀμόργη	AMURCA
CXXI	1	Δρῦς, Βάλανος, Φηγὸς, Πρίνος	QUERCUS, GLANS, FAGUS, ILEX
CXXII	1	Κάστανα	CASTANEAE
CXXIII	1	Κηκίς	GALLA
CXXIV	1	Ῥοῦς	RHUS
CXXV	1	Φοίνιξ	PALMA
CXXVI	1	Φοίνιξ ἐλάτη	PALMA ELATE
CXXVII	1	Ῥοιά	MALUM PUNICUM
CXXVIII	1	Μυρσίνη	MYRTUS
CXXIX	1	Κεράσια	CERASIA
CXXX	1	Κεράτια	SILIQUAE
CXXXI	1	Μῆλα	MALA
CXXXII	1	Ἄπια	PYRA
CXXXIII	1	Μέσπιλον	MESPILUS
CXXXIV	1	Λωτὸς δένδρον	LOTUS ARBOR
CXXXV	1	Κρανία	CORNUS
CXXXVI	1	Οὖα	SORBA
CXXXVII	1	Κοκκυμελέα	PRUNUS
CXXXVIII	1	Κόμαρος	ARBUTUS
CXXXIX	1	Ἀμυγδαλαί	AMYGDALAE
CXL	1	Πιστάκια	PISTACIA
CXLI	1	Κάρυον βασιλικὸν	NUX IUGLANS
CXLII	1	Κάρυα ποντικὰ	NUCES AVELLANAE
CXLIII	1	Μορέα	MORUS
CXLIV	1	Συκόμορος	SYCOMORUS
CXLV	1	Σῦκα	FICI
CXLVI	1	Περσέα	PERSEA
CXLVII	1	Ἰβερὶς	IBERIS
I	2	Ἐχῖνος θαλάσσιος	ECHINUS MARINUS
II	2	Ἐχῖνος χερσαῖος	ECHINUS TERRESTRIS
III	2	Ἱππόκαμπος	HIPPOCAMPUS
IV	2	Πορφύρα, Κέρυκες, Κιόνια	PURPURA, BUCCINA, CIONIA
V	2	Μύακες	MITULI
VI	2	Τελλῖναι	TELLINAE
VII	2	Χῆμαί	CHAMAE
VIII	2	Ὄνυξ	UNGUIS ODORATUS
IX	2	Κοχλίαι	COCHLEAE
X	2	Καρκίνοι	CANCRI
XI	2	Σκορπίος χερσαῖος	SCORPIO TERRESTRIS
XII	2	Σκορπίος θαλάσσιος	SCORPIO MARINUS
XIII	2	Δράκων θαλάσσιος	DRACO MARINUS
XIV	2	Σκολόπενδρα	SCOLOPENDRA
XV	2	Νάρκη	TORPEDO
XVI	2	Ἔχιδνα	VIPERA
XVII	2	Γῆρας ὄφεος	SENECTA ANGUIUM
XVIII	2	Λαγωός θαλάσσιος καὶ χερσαῖος	LEPUS MARINUS ET TERRESTRIS
XIX	2	Τρυγών θαλάσσιος	PASTINACA MARINA
XX	2	Σηπία	SEPIA
XXI	2	Τρίγλα	MULLUS PISCIS
XXII	2	Ἱπποπόταμος	HIPPOPOTAMUS
XXIII	2	Κάστωρ	FIBER
XXIV	2	Γαλῆ κατοικίδιος	MUSTELA VULGARIS
XXV	2	Βάτραχοι	RANAE
XXVI	2	Αἴλουρος	SILURUS
XXVII	2	Σμαρίδες	SMARIDES
XXVIII	2	Μαινίδες	MAENAE
XXIX	2	Κωβίος	GOBIUS
XXX	2	Θύννος	THUNNUS
XXXI	2	Γάῤῥον	GARUM
XXXII	2	Ζομός ἰχθύων	IUS PISCIUM
XXXIII	2	Κόρεις κλινικοί	CIMICES LECTULARII
XXXIV	2	Ὄνοι	MILLEPEDAE
XXXV	2	Σίλφη	BLATTA
XXXVI	2	Πνεύμων θαλάσσιος	PULMO MARINUS
XXXVII	2	Πνεύμονες	PULMONES
XXXVIII	2	Ἥπατα	IOCINERA
XXXIX	2	Αἰδοῖον ἐλάφου	GENITALE CERVI
XL	2	Ὀνυχες ὄνου καὶ αἰγός	UNGULAE ASINI ET CAPRAE
XLI	2	Λειχῆνες ἵππων	LICHENES EQUORUM
XLII	2	Καττύματα	CORIA VETERAMENTARIA
XLIII	2	Ἀλεκτορίδες καὶ ἀλεκτρυόνες	GALLINAE ET GALLI
XLIV	2	Ὠόν	OVUM
XLV	2	Τέττιγες	CICADAE
XLVI	2	Ἀκρίδες	LOCUSTAE
XLVII	2	Φίνις	OSSIFRAGUS
XLVIII	2	Κορυδαλός	GALERITA
XLIX	2	Χελιδών	HIRUNDO
L	2	Ἐλέφας	EBUR
LI	2	Ἀστράγαλος ὑός	SUILLUS TALUS
LII	2	Ἐλάφαου κέρας	CERVINUM CORNU
LIII	2	Κάμπαι	ERUCAE
LIV	2	Κανθαρίδες	CANTHARIDES
LV	2	Βουπρήστεις καὶ πιτυοκάμπαι	BUPRESTES ET PINORUM ERUCAE
LVI	2	Σαλαμάνδρα	SALAMANDRA
LVII	2	Ἀράχνη	ARANEUS
LVIII	2	Σαῦρα	LACERTA
LIX	2	Σήψ	SEPS
LX	2	Σκίγκος	SCINCUS
LXI	2	Γῆς ἔντερα	TERRENI VERMES
LXII	2	Μυογάλη	MUS ARANEUS
LXIII	2	Μῦες	MURES
LXIV	2	Γάλα	LAC
LXV	2	Τυρός	CASEUS
LXVI	2	Βούτυρον καὶ αὐτοῦ λιγνύς	BUTYRUM ET EIUS FULIGO
LXVII	2	Ἔρια καὶ οἴσυπος	LANAE ET OESYPUS
LXVIII	2	Πιτύα	COAGULUM
LXIX	2	Στέαρ	ADEPS
LXX	2	Μυελός	MEDULLA
LXXI	2	Χολή	FEL
LXXII	2	Αἷμα	SANGUIS
LXXIII	2	Ἀπόπατος	FIMUM
LXXIV	2	Οὖρον	URINA
LXXV	2	Μέλι	MEL
LXXVI	2	Κηρός	CERA
LXXVII	2	Πρόπολις	PROPOLIS
LXXVIII	2	Πυρός	TRITICUM
LXXIX	2	Κριθή	HORDEUM
LXXX	2	Ζύθος	ZYTHUM
LXXXI	2	Κοῦρμι	CURMI
LXXXII	2	Ζειά	ZEA
LXXXIII	2	Κρίμνον	CRIMNON
LXXXIV	2	Ὄλυρα	OLYRA
LXXXV	2	Ἀθήρα	ATHERA
LXXXVI	2	Τράγος	TRAGOS
LXXXVII	2	Βρῶμος	AVENA
LXXXVIII	2	Ὄρυζα	ORYZA
LXXXIX	2	Χόνδρος	HALICA
XC	2	Κέγχρος	MILIUM
XCI	2	Ἔλυμος	PANICUM
XCII	2	Σήσαμον	SESAMUM
XCIII	2	Αἶρα	LOLIUM
XCIV	2	Ἄμυλον	AMYLUM
XCV	2	Τῆλις	FOENUM GRAECUM
XCVI	2	Λίνον	LINUM
XCVII	2	Ἐρέβινθος	CICER
XCVIII	2	Κύαμος	FABA
XCIX	2	Κύαμος αἰγύπτιος	FABA AEGYPTIA
C	2	Φακός	LENS
CI	2	Φασίολοι	PHASIOLI
CII	2	Ὄροβος	ERVUM
CIII	2	Θέρμοι	LUPINI
CIV	2	Γογγύλη	RAPUM
CV	2	Βουνιάς	NAPUS
CVI	2	Ῥαφανίς	RAPHANUS
CVII	2	Σίσαρον	SISER
CVIII	2	Λάπαθον	LAPATHUM SIVE RUMEX
CIX	2	Λαμψάνη	LAMPSANA
CX	2	Βλῆτον	BLITUM
CXI	2	Μαλάχη	MALVA
CXII	2	Ἀτράφαξις	ATRIPLEX
CXIII	2	Κράμβη	BRASSICA
CXIV	2	Κράμβη ἀγρία	BRASSICA SYLVESTRIS
CXV	2	Κράμβη θαλασσία	BRASSICA MARINA
CXVI	2	Τεῦτλον	BETA
CXVII	2	Ἀνδράχνη	PORTULACA
CXVIII	2	Ἀσπάραγος	ASPARAGUS
CXIX	2	Ἀρνόγλωσσον	PLANTAGO
CXX	2	Σίον	SIUM SEU LAVER
CXXI	2	Σισύμβριον	SISYMBRIUM
CXXII	2	Κρίθμον	CRITHMUM
CXXIII	2	Κορωνόπους	CORONOPUS
CXXIV	2	Σόγχος	SONCHUS
CXXV	2	Σέρις	SERIS SIVE INTYBUS
CXXVI	2	Χονδρίλλη	CHONDRILLA
CXXVII	2	Κπλόκυνθα	CUCURBITA
CXXVIII	2	Σίκυς ἥμερος	CUCUMER SATIVUS
CXXIX	2	Θρίδαξ	LACTUCA
CXXX	2	Θρίδαξ ἀγρία	LACTUCA SYLVESTRIS
CXXXI	2	Γιγγίδιον	GINGIDIUM
CXXXII	2	Σκάνδιξ	SCANDIX
CXXXIII	2	Καυκαλίς	CAUCALIS
CXXXIV	2	Εὔζωμον	ERUCA
CXXXV	2	Ὤκιμον	OCIMUM
CXXXVI	2	Ὀροβάκχη	OROBANCHE
CXXXVII	2	Τραγοπώγων	BARBULA HIRCI
CXXXVIII	2	Ὀρνιθόγαλον	ORNITHOGALUM
CXXXIX	2	Ὕδνα	TUBERA
CXL	2	Σμίλαξ κηπαῖα	SMILAX HORTENSIS
CXLI	2	Μηδική	MEDICA
CXLII	2	Ἀφάκη	APHACA
CXLIII	2	Πράσον κεφαλωτόν	PORRUM CAPITATUM
CXLIV	2	Ἀμπελόπρασον	AMPELOPRASUM
CXLV	2	Κρόμμυον	CEPA
CXLVI	2	Σκόροδον	ALLIUM
CXLVII	2	Σκοροδόπρασον	SCORODOPRASUM
CXLVIII	2	Σίνηπι	SINAPI
CXLIX	2	Κάρδαμον	NASTURTIUM
CL	2	Θλάσπι	THLASPI
CLI	2	Ἀραβίς ἤ δράβη	ARABIS SIVE DRABA
CLII	2	Ἐρύσιμον	IRIO
CLIII	2	Πέπερι	PIPER
CLIV	2	Ζιγγίβερ	GINGIBER
CLV	2	Ὑδροπέπερι	HYDROPIPER
CLVI	2	Πταρμική	PTARMICA
CLVII	2	Στρούθιον	RADICULA SEU LANARIA HERBA
CLVIII	2	Κυκλάμινος	CYCLAMINUS
CLIX	2	Ἑτέρα κυκλάμινος	ALTERA CYCLAMINUS
CLX	2	Δρακοντία μεγάλη	DRACUNCULUS MAIOR
CLXI	2	Δρακοντία μικρά	DRACUNCULUS MINOR
CLXII	2	Ἄρον	ARUM
CLXIII	2	Ἀρίσαρον	ARISARUM
CLXIV	2	Ἀσφόδελος	HASTULA REGIA
CLXV	2	Βολβός ἐδώδιμος	BULBUS ESCULENTUS
CLXVI	2	Βολβός ἐμετικός	BULBUS VOMITORIUS
CLXVII	2	Σκίλλα	SCILLA
CLXVIII	2	Παγκράτιον	PANCRATIUM
CLXIX	2	Κάππαρις	CAPPARIS
CLXX	2	Λεπίδιον	LEPIDIUM
CLXXI	2	Βατράχιον	RANUNCULUS
CLXXII	2	Ἀνεμώνη	ANEMONE
CLXXIII	2	Ἀργεμώνη	ARGEMONE
CLXXIV	2	Ἀναγαλλίς	ANAGALLIS
CLXXV	2	Κισσός	HEDERA
CLXXVI	2	Χελιδόνιον μέγα	CHELIDONIUM MAIUS
CLXXVII	2	Χελιδόνιον μικρόν	CHELIDONIUM MINUS
CLXXVIII	2	Ὀθόννα	OTHONNA
CLXXIX	2	Μυός ὦτα	AURICULA MURIS
CLXXX	2	Ἰσάτις	GLASTUM
CLXXXI	2	Τηλέφιον	TELEPHIUM
I	3	Ἀγαρικόν	AGARICUM
II	3	Ῥᾶ, ῥῆον	RHAPONTICUM
III	3	Γεντιανή	GENTIANA
IV	3	Ἀριστολοχία	ARISTOLOCHIA
V	3	Γλυκύρριζα	DULCIS RADIX
VI	3	Κενταύριον μέγα	CENTAURIUM MAGNUM
VII	3	Κενταύριον μικρόν	CENTAURIUM MINUS
VIII	3	Χαμαιλέων λευκός	CHAMAELEON ALBUS
IX	3	Χαμαιλέων μέλας	CHAMAELEON NIGER
X	3	Κροκοδείλιον	CROCODILIUM
XI	3	Δίψακος	DIPSACUS SIVE LABRUM VENERIS
XII	3	Ἄκανθα λευκή	SPINA ALBA
XIII	3	Ἄκανθα ἀραβική	SPINA ARABICA
XIV	3	Σκόλυμος	CARDUUS
XV	3	Ποτήριον	POTERIUM
XVI	3	Ἀκάνθιον	ACANTHIUM
XVII	3	Ἄκανθος	ACANTHUS
XVIII	3	Ἀνωνίς ἤ ὀνωνίς	ANONIS SIVE ONONIS
XIX	3	Λευκάκανθα	LEUCACANTHA
XX	3	Τραγάκανθα	TRAGACANTHA
XXI	3	Ἠρύγγιον	ERYNGIUM
XXII	3	Ἀλόη	ALOE
XXIII	3	Ἀψίνθιον	ABSINTHIUM
XXIV	3	Ἀψίνθιον θαλάσσιον	ABSINTHIUM MARINUM
XXV	3	Ἀβρότονον	ABROTONUM
XXVI	3	Ὕσσωπος	HYSSOPUM
XXVII	3	Στοεχάς	STOECHAS
XXVIII	3	Ὀρίγανος	ORIGANUM
XXIX	3	Τραγορίγανος	TRAGORIGANUM
XXX	3	Γλήχων	PULEGIUM
XXXI	3	Δίκταμνος	DICTAMNUM
XXXII	3	Ψευδοδίκταμνος	PSEUDODICTAMNUM
XXXIII	3	Δίκταμνος ἕτερος	DICTAMNUM ALTERUM
XXXIV	3	Ἐλελίσφακον	SALVIA
XXXV	3	Ἡδύοσμος	MENTHA
XXXVI	3	Καλαμίνθη	CALAMINTHA
XXXVII	3	Θύμος	THYMUM
XXXVIII	3	Θύμβρα	SATUREIA
XXXIX	3	Ἕρπυλλος	SERPILLUM
XL	3	Σάμψυχον	SAMPSUCHUM
XLI	3	Μελίλωτος	MELILOTUS, SIVE SERTULA CAMPANA
XLII	3	Μάρον	MARUM
XLIII	3	Ἄκινος	ACINOS
XLIV	3	Βάκχαρις	BACCHARIS
XLV	3	Πήγανον	RUTA
XLVI	3	Πήγανον ἄγριον	RUTA SYLVESTRIS
XLVII	3	Μῶλη / Μῶλυ	MOLY
XLVIII	3	Πάνακες ἡράκλειον	PANACES HERACLEUM
XLIX	3	Πάνακες ἀσκλήπιον	PANACES ASCLEPIUM
L	3	Πάνακες χειρώνιον	PANACES CHIRONIUM
LI	3	Λιγυστικόν	LIGUSTICUM
LII	3	Σταφυλῖνος	PASTINACA
LIII	3	Σέσελι	SESELI
LIV	3	Τορδύλιον	CRETICUM SESELI
LV	3	Σίσων	SISON
LVI	3	Ἄνισον	ANISUM
LVII	3	Κάρος	CARUM
LVIII	3	Ἄνηθον	ANETHUM
LIX	3	Κύμινον ἥμερον	CUMINUM SATIVUM
LX	3	Κύμινον ἄγριον	CUMINUM SYLVESTRE
LXI	3	Ἄμμι	AMMI
LXII	3	Κόριον ἤ κορίανον	CORIANDRUM
LXIII	3	Ἱεράκιον	HIERACIUM
LXIV	3	Σέλινον	APIUM
LXV	3	Σμύρνιον	SMYRNIUM
LXVI	3	Ἐλαφόβοσκον	ELAPHOBOSCUM
LXVII	3	Μάραθρον	FOENICULUM
LXVIII	3	Ἱππομάραθρον	FOENICULUM ERRATICUM
LXIX	3	Δαῦκος	DAUCUM
LXX	3	Δελφίνιον	DELPHINIUM
LXXI	3	Πυρέθρον	PYRETHRUM
LXXII	3	Λιβανωτὶς	ROSMARINUM
LXXIII	3	Λιβανωτὶς στεφανοματική	ROSMARINUM CORONARIUM
LXXIV	3	Σφονδύλιον	SPHONDYLIUM
LXXV	3	Νάρθηξ	FERULA
LXXVI	3	Πευκέδανος	PEUCEDANUM
LXXVII	3	Μελάνθιον	GITH SEU MELANTIUM
LXXVIII	3	Σίλφιον	LASERPITIUM
LXXIX	3	Σαγάπηνον	SAGAPENUM
LXXX	3	Εὐφόρβιον	EUPHORBIUM
LXXXI	3	Χαλβάνη	GALBANUM
LXXXII	3	Ἀμμωνιακὸν	AMMONIACUM
LXXXIII	3	Σαρκοκόλλα	SARCOCOLLA
LXXXIV	3	Γλαύκιον	GLAUCIUM
LXXXV	3	Κόλλα	GLUTINUM
LXXXVI	3	Ἰχθυόκολλα	PISCIUM GLUTINUM
LXXXVII	3	Ἰξὸς	VISCUM
LXXXVIII	3	Ἀπαρίνη	APARINE
LXXXIX	3	Ἄλυσσον	ALYSSUM
XC	3	Ἀσκληπιὰς	ASCLEPIAS
XCI	3	Ἀτρακτυλίς	ATRACTYLIS
XCII	3	Πολύκνημον	POLYCNEMUM
XCIII	3	Κλινοπόδιον	CLINOPODIUM
XCIV	3	Λεοντοπέταλον	LEONTOPETALUM
XCV	3	Τεύκριον	TEUCRIUM
XCVI	3	Χαμαίδρυς	TRISSAGO
XCVII	3	Λευκὰς	LEUCAS
XCVIII	3	Λυχνὶς	LYCHNIS
XCIX	3	Κρίνον	LILIUM
C	3	Βαλλωτὴ	BALLOTE
CI	3	Μελισσόφυλλον	APIASTRUM
CII	3	Πράσιον	MARRUBIUM
CIII	3	Στάχυς	STACHYS
CIV	3	Φυλλίτις	PHYLLITIS
CV	3	Φαλάγγιον	PHALANGIUM
CVI	3	Τρίφυλλον	TRIFOLIUM
CVII	3	Πόλιον	POLIUM
CVIII	3	Σκόρδιον	SCORDIUM
CIX	3	Βήχιον	TUSSILAGO
CX	3	Ἀρτεμισία	ARTEMISIA
CXI	3	Ἀρτεμισία λεπτόφυλλος	ARTEMISIA TENUIFOLIA
CXII	3	Ἀμβροσία	AMBROSIA
CXIII	3	Βότρυς	BOTRYS
CXIV	3	Γεράνιον	GERANIUM
CXV	3	Γναφάλιον	GNAPHALIUM
CXVI	3	Τύφη	TYPHA
CXVII	3	Κιρκαία	CIRCAEA
CXVIII	3	Οἰνάνθη	OENANTHE
CXIX	3	Κόνυζα	CONYZA
CXX	3	Ἡμεροκαλλὶς	HEMEROCALLIS
CXXI	3	Λευκόϊον	LEUCOIUM SIVE ALBA VIOLA
CXXII	3	Κραταιόγονον	CRATAEOGONUM
CXXIII	3	Φύλλον	PHYLLON
CXXIV	3	Ὄρχις	TESTICULUS
CXXV	3	Ὄρχις ἕτερος	TESTICULUS ALTER
CXXVI	3	Σατύριον	SATYRIUM
CXXVII	3	Σατύριον ἐρυθρόνιον	SATYRIUM ERYTHRONIUM
CXXVIII	3	Ὅρμινον	HORMINUM
CXXIX	3	Ἡδύσαρον	HEDYSARUM
CXXX	3	Ὄνοσμα	ONOSMA
CXXXI	3	Νυμφαία	NYMPHAEA
CXXXII	3	Νυμφαία ἑτέρα	NYMPHAEA ALTERA
CXXXIII	3	Ἀνδρόσακες	ANDROSACES
CXXXIV	3	Ἄσπληνον	ASPLENUM
CXXXV	3	Ἡμιωνῖτις	HEMIONITIS
CXXXVI	3	Ἀνθυλλίς	ANTHYLLIS
CXXXVII	3	Ἄνθεμις	ANTHEMIS
CXXXVIII	3	Παρθένιον	PARTHENIUM
CXXXIX	3	Βούφθαλμον	BUPHTHALMUM
CXL	3	Γλυκυσίδη	PAEONIA
CXLI	3	Λιθόσπερμον	LITHOSPERMUM
CXLII	3	Φάλαρις	PHALARIS
CXLIII	3	Ἐρυθρόδανον	RUBIA
CXLIV	3	Λογχῖτις	LONCHITIS
CXLV	3	Λογχῖτις ἑτέρα	LONCHITIS ALTERA
CXLVI	3	Ἀλθαία	ALTHAEA
CXLVII	3	Ἀλκέα	ALCEA
CXLVIII	3	Κάνναβις	CANNABIS
CXLIX	3	Ἀνάγυρις	ANAGYRIS
CL	3	Κηπαία	CEPAEA
CLI	3	Ἄλισμα	ALISMA
CLII	3	Ὀνοβρυχίς	ONOBRYCHIS
CLIII	3	Ὑπερικόν	HYPERICUM
CLIV	3	Ἄσκυρον	ASCYRUM
CLV	3	Ἀνδρόσαιμον	ANDROSAEMON
CLVI	3	Κόρις	CORIS
CLVII	3	Χαμαιπίτυς	AIUGA
I	4	Κέστρον	BETONICA
II	4	Βρετ<τ>ανική	BRITANICA
III	4	Λυσιμάχιον	LYSIMACHIA
IV	4	Πολύγονον	SANGUINARIA
V	4	Πολυγονάτον	POLYGONATUM
VI	4	Κληματίς	CLEMATIS
VII	4	Κληματίς ἑτέρα	CLEMATIS ALTERA
VIII	4	Πολεμώνιον	POLEMONIA
IX	4	Σύμφυτον	SYMPHYTUM
X	4	Ὁλόστιον	HOLOSTIUM
XI	4	Στοιβή	STOEBE
XII	4	Κλύμενον	CLYMENUM
XIII	4	Περικλύμενον	PERICLYMENUM
XIV	4	Τρίβολος	TRIBULUS
XV	4	Σαρξίφραγον	SAXIFRAGA
XVI	4	Λειμώνιον	LIMONIUM
XVII	4	Λαγώπους	LAGOPUS
XVIII	4	Μήδιον	MEDIUM
XIX	4	Ἐπιμήδιον	EPIMEDIUM
XX	4	Ξιφίον	GLADIOLUS
XXI	4	Σπαργάνιον	SPARGANIUM
XXII	4	Ξυρίς	XYRIS
XXIII	4	Ἄγχουσα	ANCHUSA
XXIV	4	Λύκοψις	LYCOPSIS
XXV	4	Ἔχιον	ECHIUM
XXVI	4	Ὠκιμοειδές	OCIMASTRUM
XXVII	4	Ἔρινος	ERINUS
XXVIII	4	Ἄγρωστις	GRAMEN
XXIX	4	Σιδηρῖτις	SIDERITIS
XXX	4	Σιδηρῖτις ἑτέρα	SIDERITIS ALTERA
XXXI	4	Σιδηρῖτις τρίτη	SIDERITIS TERTIA
XXXII	4	Ἀχίλλειος	ACHILLEA
XXXIII	4	Βάτος	RUBUS
XXXIV	4	Βάτος ἰδαία	RUBUS IDAEUS
XXXV	4	Ἡλξίνη	HELXINE
XXXVI	4	Ἐλατίνη	ELATINE
XXXVII	4	Εὐπατόριον	EUPATORIUM
XXXVIII	4	Πεντάφυλλον	QUINQUEFOLIUM
XXXIX	4	Φοίνιξ	PHOENIX
XL	4	Ἰδαία ῥίζα	IDAEA RADIX
XLI	4	Ῥοδία ῥίζα	RHODIA RADIX
XLII	4	Ἵππουρις	EQUISETUM
XLIII	4	Κόκκος βαφική	COCCUM INFECTORIUM
XLIV	4	Τράγιον	TRAGIUM
XLV	4	Τράγιον ἕτερον	TRAGIUM ALTERUM
XLVI	4	Τράγος	TRAGUM
XLVII	4	Σχοῖνος	IUNCUS
XLVIII	4	Λειχήν	LICHEN
XLIX	4	Παρωνυχία	PARONYCHIA
L	4	Χρυσοκόμη	CHRYSOCOME
LI	4	Χρυσόγονον	CHRYSOGONUM
LII	4	Ἑλίχρυσον	HELICHRYSUM
LIII	4	Χρυσάνθεμον	CHRYSANTHEMUM
LIV	4	Ἀγήρατον	AGERATUM
LV	4	Περιστερεών	VERBENACA
LVI	4	Ἱερά βοτάνη	SACRA HERBA
LVII	4	Ἀστράγαλος	ASTRAGALUS
LVIII	4	Ὑάκινθος	HYACINTHUS
LIX	4	Μήκων ῤοιάς	PAPAVER ERRATICUM
LX	4	Μήκων ἥμερος	PAPAVER SATIVUM
LXI	4	Μήκων κερατῖτις	PAPAVER CORNICULATUM
LXII	4	Μήκων ἀφρώδης	PAPAVER SPUMEUM
LXIII	4	Ὑπήκοον	HYPECOUM
LXIV	4	Ὑοσκύαμος	HYOSCYAMUS SIVE APOLLINARIS
LXV	4	Ψύλλιον	PSYLLIUM
LXVI	4	Στρύχνος κηπαῖος	SOLANUM HORTENSE
LXVII	4	Στρύχνος ἁλικάκαβος	SOLANUM HALICACABUM
LXVIII	4	Στρύχνος ὑπνωτικός	SOLANUM SOMNIFERUM
LXIX	4	Στρύχνος μανικός	SOLANUM FURIOSUM
LXX	4	Δορύκνιον	DORYCNIUM
LXXI	4	Μανδραγόρας	MANDRAGORAS
LXXII	4	Ἀκόνιτον	ACONITUM
LXXIII	4	Ἀκόνιτον ἕτερον	ACONITUM ALTERUM
LXXIV	4	Κώνειον	CICUTA
LXXV	4	Σμίλαξ	TAXUS
LXXVI	4	Ἀπόκυνον	APOCYNUM
LXXVII	4	Νήριον ἤ Ῥοδόδενδρον	NERIUM SEU RHODODENDRUM
LXXVIII	4	Μυκήτες	FUNGI
LXXIX	4	Κολχικόν	COLCHICUM
LXXX	4	Ἐφήμερον	EPHEMERUM
LXXXI	4	Ἑλξίνη	HELXINE
LXXXII	4	Ἀλσίνη	ALSINE
LXXXIII	4	Φακός ὁ ἐπὶ τῶν τελμάτων	LENS PALUSTRIS
LXXXIV	4	Ἀείζωον μέγα	SEDUM MAIUS
LXXXV	4	Ἀείζωον μικρόν	SEDUM MINUS
LXXXVI	4	Ἀείζωον εἶδος τρίτον	SEDI GENUS TERTIUM
LXXXVII	4	Κοτυληδών	UMBILICUS VENERIS
LXXXVIII	4	Κοτυληδών ἕτερα	UMBILICUS VENERIS ALTER
LXXXIX	4	Ἀκαλύφη	URTICA
XC	4	Γαλίοψις	GALIOPSIS
XCI	4	Γάλιον	GALION
XCII	4	Ἠριγέρων	SENECIO
XCIII	4	Θάλικτρον	THALICTRUM
XCIV	4	Βρύον θαλάσσιον	MUSCUS MARINUS
XCV	4	Φῦκος θαλάσσιον	FUCUS MARINUS
XCVI	4	Ποταμογείτων	POTAMOGETON
XCVII	4	Στρατιώτης	STRATIOTES
XCVIII	4	Στρατιότης χιλιόφυλλος	STRATIOTES MILLEFOLIUM
XCIX	4	Φλόμος	VERBASCUM
C	4	Αἰθιοπίς	AETHIOPIS
CI	4	Ἄρκτιον	ARCTION
CII	4	Ἄρκειον	PERSONATA
CIII	4	Πετασίτης	PETASITES
CIV	4	Ἐπιπακτίς	EPIPACTIS
CV	4	Καπνός	FUMARIA
CVI	4	Λοτός ἥμερος	LOTUS URBANA
CVII	4	Λοτός ἄγριος	LOTUS SYLVESTRIS
CVIII	4	Κύτισος	CYTISUS
CIX	4	Λωτός αἰγύπτιος	LOTUS AEGYPTIA
CX	4	Μυριόφυλλον	MILLEFOLIUM
CXI	4	Μύῤῥις	MYRRHIS
CXII	4	Μύαγρος	MYAGRUM
CXIII	4	Ὀνάγρα	ONAGRA
CXIV	4	Κίρσιον	CIRSIUM
CXV	4	Ἀστήρ ἀττικός	ASTER ATTICUS
CXVI	4	Ἰσόπυρον	ISOPYRUM
CXVII	4	Ἴον πορφυροῦν	VIOLA PURPUREA
CXVIII	4	Κακαλία	CACALIA
CXIX	4	Βούνιον	BUNIUM
CXX	4	Πσευδοβούνιον	PSEUDOBUNIUM
CXXI	4	Χαμαίκισσος	CHAMAECISSUS
CXXII	4	Χαμαιλεύκη	CHAMAELEUCE
CXXIII	4	Βούγλωσσον	BUGLOSSUM LINGUA BUBULA
CXXIV	4	Κυνόγλωσσον	CYNOGLOSSUM
CXXV	4	Φύτευμα	PHYTEUMA
CXXVI	4	Λεοντοπόδιον	LEONTOPODIUM
CXXVII	4	Ἱππόγλωσσον	HIPPOGLOSSUM
CXXVIII	4	Ἀντίῤῥινον	ANTIRRHINUM
CXXIX	4	Κατανάγκη	CATANANCE
CXXX	4	Τριπόλιον	TRIPOLION
CXXXI	4	Ἀδίαντον	ADIANTUM
CXXXII	4	Τριχομανές	TRICHOMANES
CXXXIII	4	Ξάνθιον	XANTHIUM SIVE LAPPA
CXXXIV	4	Αἰγίλωψ	AEGILOPS SIVE FESTUCA
CXXXV	4	Βρῶμος	BROMUS
CXXXVI	4	Γλαύξ	GLAUX
CXXXVII	4	Πολύγαλον	POLYGALA
CXXXVIII	4	Ὄσυρις	OSYRIS
CXXXIX	4	Σμίλαξ τραχεῖα	SMILAX ASPERA
CXL	4	Σμίλαξ λεῖα	SMILAX LAEVIS
CXLI	4	Μυρσίνη ἀγρία	RUSCUS
CXLII	4	Δάφνη ἀλέξανδρεια	LAURUS ALEXANDRINA
CXLIII	4	Δαφνοειδές	DAPHNOIDES
CXLIV	4	Χαμαιδάφνη	CHAMAEDAPHNE
CXLV	4	Ἐλλέβορος λευκός	VERATRUM ALBUM
CXLVI	4	Ἐλλέβορος μέλας	VERATRUM NIGRUM
CXLVII	4	Σησαμοιδές μέγα	SESAMOIDES MAGNUM
CXLVIII	4	Σησαμοιδές μικρόν	SESAMOIDES PARVUM
CXLIX	4	Σίκυς ἄγριος	CUCUMER SYLVESTRIS
CL	4	Σταφίς ἀγρία	STAPHIS AGRIA
CLI	4	Θαψία	THAPSIA
CLII	4	Σπαρτίον	SPARTIUM
CLIII	4	Σίλυβον	SILYBUM
CLIV	4	Βάλανος μυρεψική	GLANS UNGUENTARIA
CLV	4	Νάρκισσος	NARCISSUS
CLVI	4	Ἱπποφαίς	HIPPOPHAES
CLVII	4	Ἱππόφαιστον	HIPPOPHAESTUM
CLVIII	4	Κίκι ἣ κρότων	RICINUS
CLIX	4	Τιθυμάλοι	TITHYMALI
CLX	4	Πιτύουσα	PITYUSA
CLXI	4	Λαθυρίς	LATHYRIS
CLXII	4	Πέπλος	PEPLUS
CLXIII	4	Πεπλίς	PEPLIS
CLXIV	4	Χαμαισύκη	CHAMAESYCE
CLXV	4	Σκαμμωνία	SCAMMONIA
CLXVI	4	Χαμελαία	CHAMELAEA
CLXVII	4	Θυμελαία	THYMELAEA
CLXVIII	4	Ακτή	SAMBUCUS
CLXIX	4	Πυκνόκομον	PYCNOCOMUM
CLXX	4	Ἄπιος	APIOS
CLXXI	4	Κολοκυνθίς	COLOCYNTHIS
CLXXII	4	Ἐπίθυμον	EPITHYMUM
CLXXIII	4	Ἀλύπον	ALYPUM
CLXXIV	4	Ἔμπετρον	EMPETRUM
CLXXV	4	Ἄμπελος ἀγρία	VITIS SYLVESTRIS
CLXXVI	4	Ἄμπελος λευκή	VITIS ALBA
CLXXVII	4	Ἄμπελος μέλαινα	VITIS NIGRA
CLXXVIII	4	Πτέρις	FILIX MAS
CLXXIX	4	Θελυπτερίς	FILIX FOEMINA
CLXXX	4	Πολυπόδιον	FILICULA
CLXXXI	4	Δρυοπτερίς	DRYOPTERIS
CLXXXII	4	Κνίκος	CNICUS
CLXXXIII	4	Λινόζωστις	MERCURIALIS
CLXXXIV	4	Κυνοκράμβη	CYNOCRAMBE
CLXXXV	4	Ἡλιοτρόπιον μέγα	HELIOTROPIUM MAIUS
CLXXXVI	4	Ἡλιοτρόπιον μικρόν	HELIOTROPIUM MINUS
CLXXXVII	4	Σκορπιοειδές	SCORPIOIDES
I	5	Ἄμπελος οἰνοφόρος	VITIS VINIFERA
II	5	Ἄμπελος ἀγρία	LABRUSCA
III	5	Σταφυλή	UVA
IV	5	Σταφίς	UVA PASSA
V	5	Οἰνάνθη	OENANTHE
VI	5	Ὀμφάκιον	OMPHACIUM
VII	5	Οἴνου φύσις	VINI NATURA
VIII	5	Οἶνος ὀμφακίτης	VINUM OMPHACITES
IX	5	Δευτερία	LORA
X	5	Οἶνος ἐκ τῆς ἀγρίας σταφυλῆς	VINUM E LABRUSCA
XI	5	Οἶνος μελιτίτης	VINUM MELITITES
XII	5	Οἰνόμελι	MULSUM
XIII	5	Μελίκρατον	AQUA MULSA
XIV	5	Ὕδωρ	AQUA
XV	5	Ὕδωρ θαλάττιον	AQUA MARINA
XVI	5	Θαλασσόμελι	THALASSOMELI
XVII	5	Ὄξος	ACETUM
XVIII	5	Ὀξύμελι	ACETUM MULSUM
XIX	5	Ὀξάλμη	ACIDA MURIA
XX	5	Θυμοξάλμη	THYMOXALME
XXI	5	Σκιλλητικόν ὄξος	SCILLINUM ACETUM
XXII	5	Σκιλλητικός οἶνος	SCILLINUM VINUM
XXIII	5	Οἴνοι θαλάσσιοι	VINA MARINA
XXIV	5	Κυδωνίτης οἶνος	VINUM CYDONITES
XXV	5	Ὑδρόμηλον	HYDROMELUM
XXVI	5	Ὀμφακομέλι	OMPHACOMELI
XXVII	5	Ἀπίτης οἶνος	VINUM EX PYRIS
XXVIII	5	Οἰνάνθινος οἶνος	VINUM OENANTHIUM
XXIX	5	Ῥοίτης οἶνος	VINUM EX PUNICIS
XXX	5	Ῥοδίτης οἶνος	ROSACEUM VINUM
XXXI	5	Μυρτίτης οἶνος	MYRTITES VINUM
XXXII	5	Μυρσινίτης οἶνος	MYRSINITES VINUM
XXXIII	5	Σχίνινος καὶ τερεμίνθινος οἶνος	LENTISCINUM ET TEREBINTHINUM VINUM
XXXIV	5	Φοινικίτης οἶνος	PALMEUM VINUM
XXXV	5	Κατορχίτης οἶνος	VINUM EX CARICIS FACTUM
XXXVI	5	Ῥητινίτης οἶνος	RESINATUM VINUM
XXXVII	5	Στροβιλίτης οἶνος	VINUM STROBILITES
XXXVIII	5	Κέδρινος καὶ ἐκ τίνων δένδρων καὶ καρπῶν οἶνος	CEDRINUM ET EX ALIQUOT ARBORIBUS AC FRUCTIBUS VINUM
XXXIX	5	Πισσίτης οἶνος	PICATUM VINUM
XL	5	Ἀψινθίτης οἶνος	VINUM ABSINTHITES
XLI	5	Ὑσσοπίτης οἶνος	VINUM HYSSOPITES
XLII	5	Οἶνοι ἐκ τῶν ποικίλων φυτῶν	VINA EX DIVERSIS PLANTIS FACTA
XLIII	5	Ἀρωματίτης οἶνος	VINUM AROMATITES
XLIV	5	Οἶνοι ἐκ τῶν ποικίλων ἀρωμάτων	VINA EX DIVERSIS ODORAMENTIS
XLV	5	Οἶνοι ἐκ τῶν ποικίλων ποῶν	VINA EX DIVERSIS HERBIS FACTA
XLVI	5	Καδμεία	CADMIA
XLVII	5	Χαλκός κεκαυμένος	AES USTUM
XLVIII	5	Χαλκοῦ ἄνθος	FLOS AERIS
XLIX	5	Λεπίς χαλκοῦ	SQUAMA AERIS
L	5	Λεπίς στομώματος	SQUAMA STOMOMATIS
LI	5	Ἰόν ξυστόν	AERUGO RASILIS
LII	5	Ἰός σκώληξ	AERUGO SCOLECIA
LIII	5	Ἰός σιδήρου	RUBIGO FERRI
LIV	5	Σκωρία σιδήρου	STERCUS FERRI
LV	5	Μόλιβδος πεπλυμένος	PLUMBUM ELOTUM
LVI	5	Μόλιβδος κεκαυμένος	PLUMBUM USTUM
LVII	5	Σκωρία μολίβδου	RECREMENTUM PLUMBI
LVIII	5	Μολιβδοειδής	MOLYBDOIDES SIVE LAPIS PLUMBARIUS
LIX	5	Στίμμι	STIBIUM
LX	5	Μολίβδαινα	MOLI<B>DAENA SEU PLUMBAGO
LXI	5	Ἀργύρου σκωρία	ARGENTI RECREMENTUM
LXII	5	Λιθάργυρος	SPUMA ARGENTI
LXIII	5	Ψιμμίθιον	CERUSSA
LXIV	5	Χρυσοκόλλα	CHRYSOCOLLA
LXV	5	Λίθος ἀρμένιος	LAPIS ARMENIUS
LXVI	5	Κυανός λίθος	COERULEUS LAPIS
LXVII	5	Ἰνδικόν	INDICUM
LXVIII	5	Ὄχρα	OCHRA
LXIX	5	Κιννάβαρις	CINNABARIS
LXX	5	Ὑδράργυρος	ARGENTUM VIVUM
LXXI	5	Μίλτος σινωπική	RUBRICA SINOPICA
LXXII	5	Μίλτος τεκτονική	RUBRICA FABRILIS
LXXIII	5	Λημνία γῆ	LEMNIA TERRA
LXXIV	5	Χάλκανθον	ATRAMENTUM SUTORIUM
LXXV	5	Χαλκῖτις	CHALCITIS
LXXVI	5	Μίσυ	MISY
LXXVII	5	Μελαντηρία	MELANTERIA
LXXVIII	5	Σῶρυ	SORY
LXXIX	5	Διφρυγές	DIPHRYGES
LXXX	5	Ἀρσενικόν	AURIPIGMENTUM
LXXXI	5	Σανδαράχη	SANDARACHA
LXXXII	5	Στυπτηρία	ALUMEN
LXXXIII	5	Θεῖον	SULPHUR
LXXXIV	5	Κίσσηρις	PUMEX
LXXXV	5	Ἄλς	SAL
LXXXVI	5	Ἀλός ἄχνη	SALIS SPUMA
LXXXVII	5	Ἄλμη	MURIA
LXXXVIII	5	Ἀλός ἄνθος	FLOS SALIS
LXXXIX	5	Νίτρον - ἀφρόνιτρον	NITRUM
XC	5	Τρύξ	FAEX
XCI	5	Ἄσβεστος	CALX VIVA
XCII	5	Γύψος	GYPSUM
XCIII	5	Τέφρα κληματίνη	SARMENTITIUS CINIS
XCIV	5	Ἀλκυόνιον	ALCYONIUM
XCV	5	Ἀδάρκης	ADARCES
XCVI	5	Σπόγγοι	SPONGIAE
XCVII	5	Κοράλλιον	CORALLIUM
XCVIII	5	Λίθος φρύγιος	LAPIS PHRYGIUS
XCIX	5	Λίθος ἄσιος	LAPIS ASIUS
C	5	Λίθος πυρίτης	LAPIS PYRITES
CI	5	Λίθος αἱματίτης	LAPIS HAEMATITES
CII	5	Λίθος σχιστός	LAPIS SCHISTUS
CIII	5	Λίθος γαγάτης	LAPIS GAGATES
CIV	5	Λίθος θρακίας	LAPIS THRACIUS
CV	5	Λίθος μαγνῆτις	LAPIS MAGNES
CVI	5	Λίθος ἀραβικός	LAPIS ARABICUS
CVII	5	Λίθος γαλακτίτης	LAPIS GALACTITES
CVIII	5	Λίθος μελιτίτης	LAPIS MELITITES
CIX	5	Λίθος μορόχθος	LAPIS MOROCHTHUS
CX	5	Λίθος ἀλαβαστρίτης	LAPIS ALABASTRITES
CXI	5	Λίθος θυΐτης	LAPIS THYITES
CXII	5	Λίθος ἰουδαϊκός	LAPIS IUDAICUS
CXIII	5	Λίθος ἀμίαντος	LAPIS AMIANTUS
CXIV	5	Λίθος σάπφειρος	LAPIS SAPPHIRUS
CXV	5	Λίθος μεμφίτης	LAPIS MEMPHITES
CXVI	5	Λίθος σεληνίτης	LAPIS SELENITES
CXVII	5	Λίθος ἴασπις	LAPIS IASPIS
CXVIII	5	Λίθος ἀετίτης	LAPIS AETITES
CXIX	5	Λίθος ὀφίτης	LAPIS OPHITES
CXX	5	Λίθοι ἐν τοῖς σπόγγοις	LAPIDES IN SPONGIIS
CXXI	5	Λιθοκόλλα	LITHOCOLLA
CXXII	5	Λίθος ὀστρακίτης	LAPIS OSTRACITES
CXXIII	5	Σμύρις λίθος	SMYRIS LAPIS
CXXIV	5	Ἄμμος αἰγιαλῖτις	ARENA LITORALIS
CXXV	5	Ἀκόνη ναξία	LAPIS NAXIUS
CXXVI	5	Λίθος γεώδης	LAPIS GEODES
CXXVII	5	Γῆ πᾶσα	TERRA OMNIS
CXXVIII	5	Γῆ ἐρετρίας	TERRA ERETRIA
CXXIX	5	Γῆ σαμία	TERRA SAMIA
CXXX	5	Λίθος σάμιος	LAPIS SAMIUS
CXXXI	5	Γῆ χία	TERRA CHIA
CXXXII	5	Γῆ σελινουσία	TERRA SELINUSIA
CXXXIII	5	Γῆ κιμωλία	TERRA CIMOLIA
CXXXIV	5	Γῆ πνιγῖτις	TERRA PNIGITIS
CXXXV	5	Ὄστρακα τῶν ἰπνῶν	TESTAE FORNACEAE
CXXXVI	5	Γῆ ἐκ τῶν καμίνων	TERRA FORNACUM
CXXXVII	5	Γῆ μηλία	TERRA MELIA
CXXXVIII	5	Γῆ ἀμπελῖτις	TERRA AMPELITIS
CXXXIX	5	Ἀσβόλη ζωγραφική	FULIGO PICTORIA
CXL	5	Μέλαν γραφικόν	ATRAMENTUM LIBRARIUM
