desmoulins_page	desmoulins_term	desmoulins_book	desmoulins_chapter
17	De la flambe.	1	Chap. I
19	De l'acore.	1	Chap. II
22	De meon.	1	Chap. III
22	Du souchet.	1	Chap. IIII
23	Du cardamome.	1	Chap. V
25	Du nard Indic.	1	Chap. VI
27	Du nard celtic.	1	Chap. VII
29	Du nard de Montaigne.	1	Chap. VIII
30	Du cabaret.	1	Chap. IX
31	De phu, ou grande valeriane.	1	Chap. X
33	Du malabatre.	1	Chap. XI
35	De la canelle.	1	Chap. XII
35	Du cinamome.	1	Chap. XIII
41	De l'amome.	1	Chap. XIIII
42	Du coste.	1	Chap. XV
43	Du ionc odorant.	1	Chap. XVI
44	De la canne odorante.	1	Chap. XVII
46	Du baume.	1	Chap. XVIII
48	De l'aspalathe.	1	Chap. XIX
48	De la mousse d'arbre.	1	Chap. XX
51	De l'agalloche ou boi d'aloes.	1	Chap. XXI
52	Du narcaphthe.	1	Chap. XXII
52	Du cancame.	1	Chap. XXIII
54	De cyphi.	1	Chap. XXIIII
54	Du saffran.	1	Chap. XXV
54	Du crocomagme.	1	Chap. XXVI
55	De l'aunee.	1	Chap. XXVII
56	De l'huile omphacin, et de tout huile en general.	1	Chap. XXVIII
57	De l'huile d'olives sauvages.	1	Chap. XXIX
57	De l'huile cycionien.	1	Chap. XXX
57	Des raclures.	1	Chap. XXXI
58	De elaeomeli.	1	Chap. XXXII
58	De l'huile de la paulme de Christ.	1	Chapitre XXXIII
59	De l'huile d'amandes.	1	Chap. XXXIIII
59	De l'huile de ben, sesamin, et de noix.	1	Chap. XXXV
60	De l'huile de iusquiame, de la graine de thymelee, de saffran sauvage, des semences de Réfort, de Nielle &amp; de Moutarde.	1	Chap. XXXVI
60	De l'huile de meurte.	1	Chap. XXXVII
61	De l'huile laurin.	1	Chap. XXXVIII
61	De l'huile de lentisque et terebinthe.	1	Chap. XXXIX
61	De l'huile de mastic.	1	Chap. XL
62	De la composition des unguens.	1	Chap. XLI
62	De l'unguent rosat.	1	Chap. XLII
62	De l'unguent elatin.	1	Chap. XLIII
63	De l'unguent melin.	1	Chap. XLIIII
63	De l'unguent enanthin.	1	Chap. XLV
63	De l'unguent telin.	1	Chap. XLVI
63	De l'unguent sampsuchin.	1	Chap. XLVII
64	De l'unguent du basilic, ou ocimin.	1	Chap. XLVIII
64	De l'unguent d'Auronne, ou abrotonin.	1	Chap. XLIX
64	De l'unguent anethin.	1	Chap. L
64	De l'unguent de lis, ou susin.	1	Chap. LI
64	De l'unguent narcissin.	1	Chap. LII
65	De l'unguent, de saffran, ou crocin.	1	Chap. LIII
65	De l'unguent de troesne, ou cyprin.	1	Chap. LIIII
65	De l'unguent de racine de flambe, ou irin.	1	Chap. LV
65	De l'unguent faict de moust, dict gleucin.	1	Chap. LVI
66	De l'unguent amaracin.	1	Chap. LVII
66	De l'unguent megalin.	1	Chap. LVIII
66	De hedychroum.	1	Chap. LIX
66	De l'unguent metopium.	1	Chap. LX
66	De l'unguent mendesium.	1	Chap. LXI
66	De stacte.	1	Chap. LXII
67	De l'unguent de cinnamome.	1	Chap. LXIII
67	De l'unguent nardin.	1	Chap. LXIIII
67	De l'unguent malabatrin.	1	Chap. LV
67	De l'unguent de violier blanc, ou iasmin.	1	Chap. LXVI
68	De la myrrhe.	1	Chap. LXVII
70	De styrax.	1	Chap. LXVIII
71	Du bdellium.	1	Chap. LXIX
73	De l'encens.	1	Chap. LXX
73	De l'ecorce d'encens.	1	Chap. LXXI
73	De la manne d'encens.	1	Chap. LXXII
73	De la suye d'encens.	1	Chap. LXXIII
77	Du pin et du pignet.	1	Chap. LXXIIII
84	Du lentisque.	1	Chap. LXXV
86	Du terebinthe.	1	Chap. LXXVI
86	Des autres resines.	1	Chap. LXXVII
88	De la poix liquide.	1	Chap. LXXVIII
88	De l'huile de poix.	1	Chap. LXXIX
88	De la suye de poix liquide.	1	Chap. LXXX
88	De la poix seche.	1	Chap. LXXXI
88	De zopissa.	1	Chap. LXXXII
89	Du bitume ou asphalte.	1	Chap. LXXXIII
89	Du pissasphalte.	1	Chap. LXXXIIII
89	De naphtha.	1	Chap. LXXXV
92	Du cypres.	1	Chap. LXXXVI
93	Du genevrier.	1	Chap. LXXXVII
94	Du savinier.	1	Chap. LXXXVIII
96	Du cedre.	1	Chap. LXXXIX
99	Du laurier.	1	Chap. XC
100	Du plane.	1	Chap. XCI
101	Du fresne.	1	Chap. XCII
102	Du peuplier blanc et noir.	1	Chap. XCIII
106	Du macer.	1	Chap. XCIIII
107	De l'orme.	1	Chap. XCV
108	De la vermoulure du bois.	1	Chap. XCVI
109	Du roseau.	1	Chap. XCVII
110	Du papier.	1	Chap. XCVIII
110	Du tamaris.	1	Chap. XCIX
111	De la bruyere.	1	Chap. C
112	De acacalis.	1	Chap. CI
113	Du rhamne.	1	Chap. CII
114	Du halime.	1	Chap. CIII
115	Du paliure.	1	Chap. CIIII
116	De l'aubepin.	1	Chap. CV
120	De la ronce de chien.	1	Chap. CVI
120	Du troesne.	1	Chap. CVII
122	De la phillyree.	1	Chap. CVIII
123	Du cyste.	1	Chap. CIX
125	Du lede, et ladane.	1	Chap. CX
126	De l'ebene.	1	Chap. CXI
129	De la rose.	1	Chap. CXII
129	Des trocisques des roses.	1	Chap. CXIII
131	Du lycium.	1	Chap. CXIIII
134	De l'acacia.	1	Chap. CXV
135	De agnus castus.	1	Chap. CXVI
137	Du saule.	1	Chap. CXVII
137	De l'olivier sauvage.	1	Chap. CXVIII
138	De la larme de l'olivier ethiopic.	1	Chap. CXIX.
138	De la lie des olives.	1	Chap. CXX
139	Du chesne, du gland, du fau, de l'ieuse.	1	Chap. CXXI
142	Des chastaignes.	1	Chap. CXXII
143	De la noix de galle.	1	Chap. CXXIII
145	Du sumac.	1	Chap. CXXIIII
147	Du palmier.	1	Chap. CXXV
147	De l'escorce ou couverture des dattes en fleur.	1	Chap. CXXVI
151	De la grenade.	1	Chap. CXXVII
152	Du meurte.	1	Chap. CXXVIII
154	Des cerises.	1	Chap. CXXIX
156	Des carrouges.	1	Chap. CXXX
157	Des pommes.	1	Chap. CXXXI
163	Des poires.	1	Chap. CXXXII
163	Du nefflier.	1	Chap. CXXXIII
165	Du micocoulier.	1	Chap. CXXXIIII
167	Du cornouiller.	1	Chap. CXXXV
168	Des cormes.	1	Chap. CXXXVI
169	Du prunier.	1	Chap. CXXXVII
172	De l'arbousier.	1	Chap. CXXXVIII
173	Des amandes.	1	Chap. CXXXIX
174	Des pistaches.	1	Chap. CXL
175	De la noix.	1	Chap. CXLI
178	Des noisettes.	1	Chap. CXLII
179	Du meurier.	1	Chap. CXLIII
181	Du sycomore.	1	Chap. CXLIIII
182	Des figues.	1	Chap. CXLV
184	De persea.	1	Chap. CXLVI
185	Du nasitort sauvage.	1	Chap. CXLVII
187	De l'herisson de mer.	2	Chap. I
188	De l'herisson de terre.	2	Chap. II
189	Du cheval marin.	2	Chap. III
190	Des pourpres, cornets de mer, et de l'interieure partie nommee cionia.	2	Chap. IIII
191	Des moules.	2	Chap. V
192	Des tellines.	2	Chap. VI
192	Des chames.	2	Chap. VII
193	De l'ongle aromatic.	2	Chap. VIII
195	Des escargots ou limaçons.	2	Chap. IX
196	Des cancres.	2	Chap. X
200	Du scorpion de terre.	2	Chap. XI
201	Du scorpion marin.	2	Chap. XII
202	Du dragon marin.	2	Chap. XIII
203	De la scolopendre de mer.	2	Chap. XIIII
204	De la torpille.	2	Chap. XV
205	De la vipere.	2	Chap. XVI
207	De la despouille des serpens.	2	Chap. XVII
208	Du lievre marin et terrestre.	2	Chap. XVIII
210	De la tareronde.	2	Chap. XIX
210	De la seche.	2	Chap. XX
211	Du surmulet ou barbarin.	2	Chap. XXI
212	De l'hippopotame.	2	Chap. XXII
213	Du bieure.	2	Chap. XXIII
215	De la belette ou mustelle.	2	Chap. XXIIII
216	Des grenouilles.	2	Chap. XXV
217	Du silure.	2	Chap. XXVI
217	Des smarides.	2	Chap. XXVII
218	Des mendoles.	2	Chap. XXVIII
218	Du govion.	2	Chap. XXIX
220	Du thon.	2	Chap. XXX
221	Du garum.	2	Chap. XXXI
221	Du bouillon des poissons.	2	Chap. XXXII
221	Des punaises.	2	Chap. XXXIII
221	Des cloportes.	2	Chap. XXXIIII
222	Des blattes.	2	Chap. XXXV
222	Du poulmon de mer.	2	Chap. XXXVI
222	Des poulmons.	2	Chap. XXXVII
223	Des foyes.	2	Chap. XXXVIII
224	Du nerf ou verge de cerf.	2	Chap. XXXIX
224	Des ongles d'ane et de chevre.	2	Chap. XL
224	Des suros des chevaus.	2	Chap. XLI
224	Du cuir de vieus souliers.	2	Chap. XLII
225	Des poules et des coqs.	2	Chap. XLIII
225	De l'oeuf.	2	Chap. XLIIII
227	Des cigales.	2	Chap. XLV
227	Des sauterelles.	2	Chap. XLVI
228	De l'oiseau nomme ossifragus.	2	Chap. XLVII
228	Du cochevis.	2	Chap. XLVIII
229	De l'arondelle.	2	Chap. XLIX
229	De l'ivoire.	2	Chap. L
231	Du talon de pourceau.	2	Chap. LI
231	De la corne du cerf.	2	Chap. LII
233	Des chenilles.	2	Chap. LIII
234	Des cantharides.	2	Chap. LIIII
234	Des buprestes, et chenilles des pins.	2	Chap. LV
235	De la salamandre.	2	Chap. LVI
236	De l'araigne.	2	Chap. LVII
237	De la lesarde.	2	Chap. LVIII
237	De la seps.	2	Chap. LIX
238	Du stinc.	2	Chap. LX
240	Des vers de terre.	2	Chap. LXI
240	Du musaraigne.	2	Chap. LXII
241	Des souris.	2	Chap. LXIII
243	Du laict.	2	Chap. LXIIII
243	Du formage.	2	Chap. LXV
243	Du beurre et de la suie d'icelui.	2	Chap. LXVI
246	De la laine, et graisse de laine surge.	2	Chap. LXVII
247	Du caille.	2	Chap. LXVIII
247	De la graisse.	2	Chap. LXIX
250	De la mouelle.	2	Chap. LXX
250	Du fiel.	2	Chap. LXXI
251	Du sang.	2	Chap. LXXII
252	De la fiante.	2	Chap. LXXIII
254	De l'urine.	2	Chap. LXXIIII
255	Du miel.	2	Chap. LXXV
258	De la cire.	2	Chap. LXXVI
258	De propolis.	2	Chap. LXXVII
260	Du fourment.	2	Chap. LXXVIII
263	De l'orge.	2	Chap. LXXIX
264	Du zythum espece de biere.	2	Chap. LXXX
264	Du curmi autre espece de biere ou cervoise.	2	Chap. LXXXI
264	De l'espeaute.	2	Chap. LXXXII
265	De crimnon.	2	Chap. LXXXIII
265	De olyra.	2	Chap. LXXXIII
266	De athera.	2	Chap. LXXXV
266	Du turguet double.	2	Chap. LXXXVI
266	De l'avoine.	2	Chap. LXXXVII
267	Du riz.	2	Chap. LXXXVIII
268	De l'alicat.	2	Chap. LXXXIX
268	Du millet.	2	Chap. XC
269	Du paniz.	2	Chap. XCI
270	Du sisame ou iugioline.	2	Chap. XCII
271	De l'ivraye.	2	Chap. XCIII
272	De l'amidon.	2	Chap. XCIIII
272	Du senegre.	2	Chap. XCV
273	Du lin.	2	Chap. XCVI
274	Des pois ciches.	2	Chap. XCVII
275	Des feves.	2	Chap. XCVIII
277	De la feve d'Egypte.	2	Chap. XCIX
278	Des lentilles.	2	Chap. C
279	Des phasiols.	2	Chap. CI
281	Des ers.	2	Chap. CII
282	Des lupins.	2	Chap. CIII
283	De la rave.	2	Chap. CIIII
284	Du navet ou naveau.	2	Chap. CV
285	Du refort.	2	Chap. CVI
286	Du siser.	2	Chap. CVII
288	De lapathum.	2	Chap. CVIII
290	De la lampsane.	2	Chap. CIX
290	De la blette.	2	Chap. CX
291	De la mauve.	2	Chap. CXI
293	Des arroches.	2	Chap. CXII
295	Du chou.	2	Chap. CXIII
296	Du chou sauvage.	2	Chap. CXIIII
296	Du chou marin.	2	Chap. CXV
297	De la poree.	2	Chap. CXVI
299	Du pourpier.	2	Chap. CXVII
299	Des asparges.	2	Chap. CXVIII
300	Du plantain.	2	Chap. CXIX
302	De la berle.	2	Chap. CXX
303	De la menthe aquatique.	2	Chap. CXXI
305	Du fenouil marin, ou bacille.	2	Chap. CXXII
306	De la corne de cerf.	2	Chap. CXXIII
307	Du laicteron.	2	Chap. CXXIIII
309	De l'endive.	2	Chap. CXXV
312	De la condrille.	2	Chap. CXXVI
313	De la courge.	2	Chap. CXXVII
314	Du concombre.	2	Chap. CXXVIII
318	De la laitue.	2	Chap. CXXIX
318	De la laitue sauvage.	2	Chap. CXXX
319	Du gingidium.	2	Chap. CXXXI
321	De scandix.	2	Chap. CXXXII
322	De caucalis.	2	Chap. CXXXIII
322	De la roquette.	2	Chap. CXXXIIII
323	Du basilic.	2	Chap. CXXXV
325	De orobanche.	2	Chap. CXXXVI
325	De la barbe de bouc.	2	Chap. CXXXVII
327	De ornithogalum.	2	Chap. CXXXVIII
328	Des truffles.	2	Chap. CXXXIX
328	Du phasiol peint.	2	Chap. CXL
329	De medica.	2	Chap. CXLI
330	De aphaca.	2	Chap. CXLII
330	Du porreau a teste.	2	Chap. CXLIII
332	Du porreau de vigne.	2	Chap. CXLIIII
332	De l'oignon.	2	Chap. CXLV
334	De l'ail.	2	Chap. CXLVI
335	De l'ailporreau.	2	Chap. CXLVII
336	De la moutarde.	2	Chap. CXLVIII
337	Du nasitort.	2	Chap. CXLIX
337	Du thlaspi.	2	Chap. CL
339	De la drave.	2	Chap. CLI
340	De erysimum.	2	Chap. CLII
341	Du poivre.	2	Chap. CLIII
344	Du gingembre.	2	Chap. CLIIII
345	Du poivre aquatic ou curage.	2	Chap. CLV
346	De ptarmica, ou herbe a eternuer.	2	Chap. CLVI
347	De struthion.	2	Chap. CLVII
347	Du pain de pourceau.	2	Chap. CLVIII
348	D'un'autre espece de cyclaminus.	2	Chap. CLIX
349	De la grande serpentine.	2	Chap. CLX
349	De la petite serpentine.	2	Chap. CLXI
351	Du pie de veau.	2	Chap. CLXII
353	De arisarum.	2	Chap. CLXIII
354	De l'asphodel.	2	Chap. CLXIIII
354	Du bulbe bon a manger.	2	Chap. CLXV
355	Du bulbe vomitif.	2	Chap. CLXVI
355	De la scille, ou oignon.	2	Chap. CLXVII
356	Du pancratium.	2	Chap. CLXVIII
356	Du capprier.	2	Chap. CLXIX
358	Du nasitort sauvage.	2	Chap. CLXX
358	De la grenoillette.	2	Chap. CLXXI
360	De anemone.	2	Chap. CLXXII
362	De argemone.	2	Chap. CLXXIII
362	Du mouron.	2	Chap. CLXXIIII
364	Du liarre.	2	Chap. CLXXV
365	De la grande chelidoine.	2	Chap. CLXXVI
367	De la petite chelidoine.	2	Chap. CLXXVII
367	De othonna.	2	Chap. CLXXVIII
368	De l'oreille de souris.	2	Chap. CLXXIX
369	Du guede ou pastel.	2	Chap. CLXXX
370	De telephium.	2	Chap. CLXXXI
371	De l'agaric.	3	Chap. I
372	Du rhapontique.	3	Chap. II
376	De la gentiane.	3	Chap. III
377	De l'aristolochie.	3	Chap. IIII
380	De la rigalice.	3	Chap. V
381	De la grande centauree.	3	Chap. VI
382	De la petite centauree.	3	Chap. VII
383	Du chameleon blanc.	3	Chap. VIII
383	Du chameleon noir.	3	Chap. IX
385	Du crocodilium.	3	Chap. X
385	Du chardon a carder.	3	Chap. XI
386	De l'epine blanche.	3	Chap. XII
388	De l'espine arabique.	3	Chap. XIII
388	Du cardon ou artichaut.	3	Chap. XIIII
389	Du poterium.	3	Chap. XV
390	De acanthium.	3	Chap. XVI
390	De la branche ursine.	3	Chap. XVII
391	De l'arrestebeuf.	3	Chap. XVIII
392	De la blanche epine.	3	Chap. XIX
393	De l'epine de bouc.	3	Chap. XX
394	Du panicaut.	3	Chap. XXI
395	De l'aloe.	3	Chap. XXII
397	De l'aluine.	3	Chap. XXIII
397	De l'aluine marine.	3	Chap. XXIIII
399	De l'auronne.	3	Chap. XXV
401	De l'hyssope.	3	Chap. XXVI
402	De stechas.	3	Chap. XXVII
403	De l'origan.	3	Chap. XXVIII
403	Du tragorigan.	3	Chap. XXIX
405	Du pouliot.	3	Chap. XXX
406	Du dictam.	3	Chap. XXXI
406	Du dictam bastard.	3	Chap. XXXII
406	D'un'autre espece de dictam.	3	Chap. XXXIII
407	De la sauge.	3	Chap. XXXIIII
409	De la menthe.	3	Chap. XXXV
411	De la calamenthe.	3	Chap. XXXVI
413	Du thym.	3	Chap. XXXVII
413	De la sarriete.	3	Chap. XXXVIII
414	Du serpolet.	3	Chap. XXXIX
416	De la mariolaine.	3	Chap. XL
417	Du melilot.	3	Chap. XLI
417	Du marum.	3	Chap. XLII
418	De acinus.	3	Chap. XLIII
418	De baccharis.	3	Chap. XLIIII
420	De la rue.	3	Chap. XLV
421	De la rue sauvage.	3	Chap. XLVI
423	De moly.	3	Chap. XLVII
424	De panaces heracleum.	3	Chap. XLVIII
424	De panaces asclepium.	3	Chap. XLIX
424	De panaces chironium.	3	Chap. L
425	Du ligustic.	3	Chap. LI
426	De la pastenade.	3	Chap. LII
428	Du seseli.	3	Chap. LIII
428	Du tordylium ou seseli de Candie.	3	Chap. LIIII
429	Du sison.	3	Chap. LV
429	De l'anis.	3	Chap. LVI
430	Du carvi.	3	Chap. LVII
430	De l'anet.	3	Chap. LVIII
431	Du cumin cultive.	3	Chap. LIX
431	Du cumin sauvage.	3	Chap. LX
432	De ammi.	3	Chap. LXI
433	Du coriandre.	3	Chap. LXII
435	De hieracium.	3	Chap. LXIII
436	Du persil.	3	Chap. LXIIII
438	Du smyrnium.	3	Chap. LXV
440	De elaphoboscum.	3	Chap. LXVI
441	Du fenouil.	3	Chap. LXVII
441	Du fenouil sauvage.	3	Chap. LXVIII
441	De daucum.	3	Chap. LXIX
442	Du delphinium.	3	Chap. LXX
445	Du pyrethre.	3	Chap. LXXI
446	Du romarin.	3	Chap. LXXII
446	Du romarin des iardins.	3	Chap. LXXIII
447	Du sphondylium.	3	Chap. LXXIIII
448	De la ferule.	3	Chap. LXXV
449	Du peucedanum.	3	Chap. LXXVI
450	De la nielle.	3	Chap. LXXVII
451	Du laserpitium.	3	Chap. LXXVIII
453	Du sagapenum.	3	Chap. LXXIX
454	De l'euphorbe.	3	Chap. LXXX
455	Du galbanum.	3	Chap. LXXXI
455	De l'ammoniac.	3	Chap. LXXXII
456	De sarcocolla.	3	Chap. LXXXIII
456	Du glaucium.	3	Chap. LXXXIIII
456	De la colleforte.	3	Chap. LXXXV
457	De la colle de poisson.	3	Chap. LXXXVI
457	Du glu.	3	Chap. LXXXVII
458	Du grateron.	3	Chap. LXXXVIII
458	De alysson.	3	Chap. LXXXIX
459	De asclepias.	3	Chap. XC
460	De atractylis.	3	Chap. XCI
462	Du polycnemon.	3	Chap. XCII
462	De clinopodium.	3	Chap. XCIII
463	De leontopetalon.	3	Chap. XCIIII
463	Du teucrium.	3	Chap. XCV
464	De la germandree.	3	Chap. XCVI
465	De leucas.	3	Chap. XCVII
465	De lychnis.	3	Chap. XCVIII
466	Du lis.	3	Chap. XCIX
467	Du marrube noir.	3	Chap. C
468	De la melisse.	3	Chap. CI
469	Du marrube.	3	Chap. CII
470	De stachys.	3	Chap. CIII
471	De la langue de cerf.	3	Chap. CIIII
471	Du phalangium.	3	Chap. CV
472	Du trefle.	3	Chap. CVI
474	Du polium.	3	Chap. CVII
475	Du scordium.	3	Chap. CVIII
476	Du pas de cheval.	3	Chap. CIX
478	De l'armoise.	3	Chap. CX
478	De l'armoise a petites feuilles.	3	Chap. CXI
480	De ambrosia.	3	Chap. CXII
481	Du pimen.	3	Chap. CXIII
481	Du bec de grue.	3	Chap. CXIIII
484	Du gnaphalium.	3	Chap. CXV
485	Des masses.	3	Chap. CXVI
485	De circaea.	3	Chap. CXVII
486	De oenanthe.	3	Chap. CXVIII
487	De conyza.	3	Chap. CXIX
488	Du lis sauvage.	3	Chap. CXX
489	Du violier.	3	Chap. CXXI
490	De crataeogonum.	3	Chap. CXXII
491	De phyllon.	3	Chap. CXXIII
491	Du covillon.	3	Chap. CXXIIII
491	D'un autre covillon.	3	Chap. CXXV
491	Du satyrion.	3	Chap. CXXVI
492	Du satyrion erythronium.	3	Chap. CXXVII
494	De horminum.	3	Chap. CXXVIII
495	De hedysarum.	3	Chap. CXXIX
496	De onosma.	3	Chap. CXXX
497	De nymphaea, ou nenufar.	3	Chapitre CXXXI
497	De la seconde espece de nymphaea, ou nenufar.	3	Chap. CXXXII
498	De androsaces.	3	Chap. CXXXIII
499	Du ceterac, ou asplenum.	3	Chap. CXXXIIII
500	De hemionitis.	3	Chap. CXXXV
501	De anthyllis.	3	Chap. CXXXVI
502	De la camomille.	3	Chap. CXXXVII
503	De la matricaire.	3	Chap. CXXXVIII
504	De buphthalmum, oeil de boeuf.	3	Chap. CXXXIX
506	De la pivoine.	3	Chap. CXL
507	De lithospermum.	3	Chap. CXLI
508	De phalaris.	3	Chap. CXLII
508	De la garance.	3	Chap. CXLIII
509	De lonchitis.	3	Chap. CXLIIII
509	D'un'autre espece de lonchitis.	3	Chap. CXLV
510	De la guimauve.	3	Chap. CXLVI
511	De la guimauve sauvage.	3	Chap. CXLVII
512	Du chanvre.	3	Chap. CXLVIII
513	De anagyris.	3	Chap. CXLIX
514	De cepaea.	3	Chap. CL
514	De alisma.	3	Chap. CLI
515	De onobrychis.	3	Chap. CLII
515	De mille-pertuis.	3	Chap. CLIII
515	De ascyron.	3	Chap. CLIIII
515	De androsaemon.	3	Chap. CLV
515	De coris.	3	Chap. CLVI
517	De l'ive arthetique.	3	Chap. CLVII
519	es commentaires de M. Pierre Andre Matthioli, medecin senois, sur le IIII. livre de Pedace Dioscoride Anazarbeen, de la matiere medecinale. Preface. De la betoine.	4	Chap. I
520	De britanica.	4	Chap. II
522	De lysimachia.	4	Chap. III
523	De la renouee.	4	Chap. IIII
524	Du genoillet.	4	Chap. V
525	De la pervanche ou clematis.	4	Chap. VI
525	De la seconde espece de pervanche.	4	Chap. VII
526	De polemonia.	4	Chap. VIII
527	Du symphytum petraeum.	4	Chap. IX
530	De holostium.	4	Chap. X
531	De stoebe.	4	Chap. XI
532	Du clymenum.	4	Chap. XII
532	Du periclymenum.	4	Chap. XIII
533	De tribulus.	4	Chap. XIIII
534	De la saxifrage.	4	Chap. XV
536	Du limonium.	4	Chap. XVI
537	De lagopus.	4	Chap. XVII
539	De medium.	4	Chap. XVIII
539	De epimedium.	4	Chap. XIX
540	Du glais.	4	Chap. XX
540	De sparganium.	4	Chap. XXI
541	Du glaieul puant ou sauvage.	4	Chap. XXII
541	De l'orcanette.	4	Chap. XXIII
542	De lycopsis.	4	Chap. XXIIII
543	De la buglosse sauvage.	4	Chap. XXV
543	Du basilic sauvage.	4	Chap. XXVI
544	Du basilic d'eau.	4	Chap. XXVII
544	Du grame, ou dent de chien.	4	Chap. XXVIII
546	De sideritis.	4	Chap. XXIX
546	De la seconde espece de sideritis.	4	Chap. XXX
546	De la troisieme espece de sideritis.	4	Chap. XXXI
548	De achillea.	4	Chap. XXXII
549	De la ronce.	4	Chap. XXXIII
549	De la ronce d'Ida.	4	Chap. XXXIIII
550	De helxine.	4	Chap. XXXV.
550	De elatine.	4	Chap. XXXVI
551	De l'agrimoine.	4	Chap. XXXVII
553	De la quintefeuille.	4	Chap. XXXVIII
555	De l'ivraie sauvage.	4	Chap. XXXIX
555	De la racine d'ida.	4	Chap. XL
555	De la racine sentant les roses.	4	Chap. XLI
556	De la queue de cheval ou prelle.	4	Chap. XLII
557	Du vermillon.	4	Chap. XLIII
558	De tragium.	4	Chap. XLIIII
558	D'une autre espece de tragium.	4	Chap. XLV
560	De tragus.	4	Chap. XLVI
560	Du ionc.	4	Chap. XLVII
561	De l'hepatique.	4	Chap. XLVIII
562	De paronychie.	4	Chap. XLIX
563	De chrysocome.	4	Chap. L
563	De chysogonum.	4	Chap. LI
563	De helichrysum.	4	Chap. LII
565	De chrysanthemum.	4	Chap. LIII
566	De ageratum.	4	Chap. LIIII
567	De la vervene droitte.	4	Chapitre LV
568	De la vervene basse.	4	Chap. LVI
569	De astragalus.	4	Chap. LVII
569	Du vaciet.	4	Chap. LVIII
570	Du coquelicoc.	4	Chap. LIX
570	Du pavot des iardins.	4	Chap. LX
572	Du pavot cornu.	4	Chap. LXI
572	Du pavot écumant.	4	Chap. LXII
573	De hypecoum.	4	Chap. LXIII
573	Du iusquiame.	4	Chap. LXIIII
575	De l'herbe aux puces.	4	Chap. LXV
576	De la morelle.	4	Chap. LXVI
577	De l'alchequange.	4	Cha. LXVII
577	Du solanum dormitif.	4	Chap. LXVIII
577	Du solanum furieus.	4	Chap. LXIX
580	De dorycnium.	4	Chap. LXX
580	De la mandragore.	4	Chap. LXXI
582	De l'aconit.	4	Chap. LXXII
582	D'un autre aconit.	4	Chap. LXXIII
589	De la cigue.	4	Chap. LXXIIII
590	De l'if.	4	Chap. LXXV
590	De apocynum.	4	Chap. LXXVI
591	De la rosage.	4	Chap. LXXVII
592	Des champignons.	4	Chap. LXXVIII
593	Du colchicon.	4	Chap. LXXIX
594	De ephemerum.	4	Chap. LXXX
596	De la parietaire.	4	Chap. LXXXI
597	De alsine.	4	Chap. LXXXII
597	De la lentille d'eau.	4	Chap. LXXXIII
598	De la grande ioubarbe.	4	Chap. LXXXIIII
598	De la petite ioubarbe.	4	Chap. LXXXV
598	De la troisieme espece de ioubarbe.	4	Chap. LXXXVI
600	Du nombril de Venus.	4	Chap. LXXXVII
600	D'un autre nombril de Venus.	4	Chap. LXXXVIII
601	De l'ortie.	4	Chap. LXXXIX
602	De l'ortie puante.	4	Chap. XC
603	Du petit muguet.	4	Chap. XCI
604	Du senesson.	4	Chap. XCII
604	Du thalictrum.	4	Chap. XCIII
605	De la coralline.	4	Chap. XCIIII
605	Du fucus marin.	4	Chap. XCV
606	De potamogeton.	4	Chap. XCVI
607	De stratiotes.	4	Chap. XCVII
607	De la millefeuille.	4	Chap. XCVIII
608	Du bovillon.	4	Chap. XCIX
611	De aethiopis.	4	Chap. C
612	De arction.	4	Chap. CI
612	Du glouteron.	4	Chap. CII
613	De petasites.	4	Chap. CIII
613	De epipactis.	4	Chap. CIIII
614	De la fumeterre.	4	Chap. CV
615	Du lotus privé.	4	Chap. CVI
615	Du lotus sauvage.	4	Chap. CVII
616	Du cytise.	4	Chap. CVIII
617	Du lotus d'Egypte	4	Chap. CXIX
618	De myriophyllum.	4	Chap. CX
619	De myrrhis.	4	Chap. CXI
620	De myagrum.	4	Chap. CXII
620	De onagra.	4	Chap. CXIII
621	Du cirsium.	4	Chap. CXIIII
621	De aster atticus, ou espargoutte menue.	4	Chap. CXV
623	De isopyrum.	4	Chap. CXVI
623	De la violette de Mars.	4	Chap. CXVII
625	De cacalia.	4	Chap. CXVIII
625	De bunium.	4	Chap. CXIX
625	De pseudobunium.	4	Chap. CXX
625	De chamaecissus.	4	Chap. CXXI
626	De chamaeleuce.	4	Chap. CXXII
626	De la borrache.	4	Chap. CXXIII
627	Du cynoglosse.	4	Chap. CXXIIII
628	De phyteuma.	4	Chap. CXXV
629	Du leontopodium.	4	Cha. CXXVI.
629	De hippoglossum.	4	Chap. CXXVII
630	Du antirahinum.	4	Chap. CXXVIII
631	De catanance.	4	Chap. CXXIX
631	Du tripolium.	4	Chap. CXXX
632	Des cheveux de Venus.	4	Chap. CXXXI
632	Du polytrichon.	4	Chap. CXXXII
633	Du petit glouteron.	4	Chap. CXXXIII
634	De aegilops.	4	Chap. CXXXIIII
635	De l'avoine sauvage.	4	Chap. CXXXV
635	De glaux.	4	Chap. CXXXVI
636	De polygala.	4	Chap. CXXXVII
636	De la linaire.	4	Cha. CXXVIII.
636	Du liseron aspre.	4	Chap. CXXXIX
637	Du grand liseron.	4	Chap. CXL
638	Du rucs.	4	Chap. CXLI
639	Du laurier alexandrin.	4	Chap. CXLII
640	De la laureole.	4	Chap. CXLIII
640	De la laureole masle.	4	Chap. CXLIIII
641	De l'ellebore blanc.	4	Chap. CXLV
641	De l'ellebore noir.	4	Chap. CXLVI
645	Du grand sesamoides.	4	Chap. CXLVII
645	Du petit sesamoides.	4	Chap. CXLVIII
645	Du concombre sauvage.	4	Chap. CXLIX
647	De l'herbe aux pous.	4	Chap. CL
648	De la thapsie.	4	Chap. CLI
649	Du genest d'Espagne.	4	Chap. CLII
650	De silybum.	4	Chap. CLIII
650	De ben.	4	Chap. CLIIII
653	Du narcisse.	4	Chap. CLV
655	De hippophaes.	4	Chap. CLVI
655	De hippophaestum.	4	Chap. CLVII
656	De la paume-dieu.	4	Chap. CLVIII
656	Des tithymales.	4	Chap. CLIX
660	De pityusa.	4	Chap. CLX
660	De l'espurge.	4	Chap. CLXI
661	De peplus.	4	Chap. CLXII
661	De peplis.	4	Chap. CLXIII
662	De chamaesyce.	4	Chap. CLXIIII
662	De la scammonee.	4	Chap. CLXV
663	De la chamelee.	4	Chap. CLXVI
663	De la thymelee.	4	Chap. CLXVII
664	Du sureau.	4	Chap. CLXVIII
667	De picnocomum.	4	Chap. CLXIX
667	De apios.	4	Chap. CLXX
668	De la coloquinte.	4	Chap. CLXXI
668	De la goutte ou teigne de thym.	4	Chap. CLXXII
671	De alypum.	4	Chap. CLXXIII
671	De empetrum.	4	Chap. CLXXIIII
672	De la vigne sauvage.	4	Chap. CLXXV
672	De la coulevree.	4	Chap. CLXXVI
673	De la coulevree noire.	4	Chap. CLXXVII
675	De la feuchiere masle.	4	Chap. CLXXVIII
675	De la feuchiere femelle.	4	Chap. CLXXIX
676	Du polypode.	4	Chap. CLXXX
677	De la feuchiere de chesne.	4	Chap. CLXXXI
678	Du saffran bastard.	4	Chap. CLXXXII
678	De la mercuriale.	4	Chap. CLXXXIII
679	De la mercuriale sauvage.	4	Chap. CLXXXIIII
680	Du grand heliotropium.	4	Chap. CLXXXV
680	Du petit heliotropium.	4	Chap. CLXXXVI
682	De scorpioides.	4	Chap. CLXXXVIII
689	De la vigne.	5	Chap. I
689	De la vigne sauvage.	5	Chap. II
689	Du raisin.	5	Chap. III
690	De la passerille.	5	Chap. IIII
691	De oenanthe.	5	Chap. V
691	Du verius seché au soleil.	5	Chap. VI
692	De la nature du vin.	5	Chap. VII
694	Du verius.	5	Chap. VIII
694	De la depense.	5	Chap. IX
694	Du vin de lambrusques.	5	Chap. X
695	D'une sorte de vin miellé.	5	Chap. XI
695	Du vin miellé.	5	Chap. XII
695	De l'eau miellee.	5	Chap. XIII
696	De l'eau.	5	Chap. XIIII
697	De l'eau marine.	5	Chap. XV
697	De l'eau marine miellee.	5	Chap. XVI
697	Du vinaigre.	5	Chap. XVII
698	Du vinaigre mielle.	5	Chap. XVIII
698	De la saumure aigre.	5	Chap. XIX
698	De thymoxalme.	5	Chap. XX
698	Du vinaigre scillitic.	5	Chap. XXI
699	Du vin scillitic.	5	Chap. XXII
699	Des vins composez d'eau marine.	5	Chap. XXIII
700	Du vin de coings.	5	Chap. XXIIII
700	De hydromelum.	5	Chap. XXV
700	Du vertus mielle.	5	Chap. XXVI
700	Du vin de poires.	5	Chap. XXVII
700	Du vin oenanthin.	5	Chap. XXVIII
700	Du vin de grenades.	5	Chap. XXIX
700	Du vin rosat.	5	Chap. XXX
700	Du vin de grains de meurte.	5	Chap. XXXI
701	Du vin de meurte.	5	Chap. XXXII
701	Du vin de lentisque et de terebinthe.	5	Chap. XXXIII
701	Du vin de dattes	5	Chap. XXXIIII
701	Du vin de figues seches.	5	Chap. XXXV
701	Du vin de resine.	5	Chap. XXXVI
701	Du vin de pommes de pin.	5	Chap. XXXVII
701	Du vin de cedre, et queleques autres arbres et fruits.	5	Chap. XXXVIII
702	Du vin poissé.	5	Chap. XXXIX
702	Du vin d'absinthe.	5	Chap. XL
702	Du vin d'hyssope.	5	Chap. XLI
702	Des vins composez de diverses plantes.	5	Chap. XLII
702	Du vin aromatique.	5	Chap. XLIII
703	Des vins composez de diverses drogues.	5	Chapitre XLIIII
703	Des vins composez de plusieurs herbes.	5	Chapitre XLV
704	De la cadmie.	5	Chap. XLVI
705	De pompholyx, spodium, antispodium.	5	Chapitre XLVI
707	De l'erain brulé.	5	Chap. XLVII
707	De la fleur d'erain.	5	Chap. XLVIII
708	De l'escaille d'erain.	5	Chap. XLIX
708	De l'escaille d'acier.	5	Chap. L
709	Du verdegris.	5	Chap. LI
710	Du verdegris scolecien.	5	Chap. LII
710	De la rouillure de fer.	5	Chap. LIII
710	De la merde de fer.	5	Chap. LIIII
711	Du plomb lavé.	5	Chap. LV
711	Du plomb brulé.	5	Chap. LVI
711	De l'ecume de plomb.	5	Chap. LVII
711	De la pierre plombiere.	5	Chap. LVIII
712	De l'antimoine.	5	Chap. LIX
714	De la plombagine.	5	Chap. LX
715	De l'escume d'argent.	5	Chap. LXI
715	De la litharge.	5	Chap. LXII
716	De la ceruse.	5	Chap. LXIII
717	Du borras.	5	Chap. LXIIII
717	De la pierre d'Armenie.	5	Chap. LXV
719	De la pierre d'azur.	5	Chap. LXVI
719	De l'Inde.	5	Chap. LXVII
720	De l'ochre.	5	Chap. LXVIII
720	Du cinabre.	5	Chap. LXIX
722	De l'argent vif.	5	Chap. LXX
723	De la rubrique sinopique.	5	Chap. LXXI
724	De la croye rouge.	5	Chap. LXXII
724	De la terre seellee.	5	Chap. LXXIII
727	Du vitriol.	5	Chap. LXXIIII
729	De chalcitis.	5	Chap. LXXV
729	De misy.	5	Chap. LXXVI
729	De melanteria.	5	Chap. LXXVII
729	Du sory.	5	Chap. LXXVIII
731	De diphryges.	5	Chap. LXXIX
731	De l'orpiment.	5	Chap. LXXX
731	De la sandarache.	5	Chap. LXXXI
732	De l'alum.	5	Chap. LXXXII
734	Du souffre.	5	Chap. LXXXIII
735	De la pierreponce.	5	Chap. LXXXIIII
735	Du sel.	5	Chap. LXXXV
736	De l'escume de sel.	5	Chap. LXXXVI
736	De la saumure.	5	Chap. LXXXVII
736	De la fleur du sel.	5	Chap. LXXXVIII
738	Du nitre et ecume de nitre.	5	Chap. LXXXIX
739	De la lye.	5	Chap. XC.
739	De la chaux vive.	5	Chap. XCI
739	Du plastre.	5	Chap. XCII
740	Des cendres de sarments.	5	Chap. XCIII
740	De alcyonium.	5	Chap. XCIIII
741	De adarce.	5	Chap. XCV
741	Des esponges.	5	Chap. XCVI
742	Du corail.	5	Chap. XCVII
743	De la pierre phrygienne.	5	Chap. XCVIII
743	De la pierre d'Asso ou assienne.	5	Chap. XCIX
744	De la marchassite.	5	Chap. C
745	De la pierre hematite.	5	Chap. CI
745	De la pierre scissille.	5	Chap. CII
746	De la pierre gagate.	5	Chap. CIII
747	De la pierre thracienne.	5	Chap. CIIII
747	De la pierre d'aymant.	5	Chap. CV
748	De la pierre arabique.	5	Chap. CVI
748	De la pierre de laict.	5	Chap. CVII
748	De la pierre melitite.	5	Chap. CVIII
748	De la pierre morochthus.	5	Chap. CIX
749	De l'alabastre.	5	Chap. CX
749	De la pierre thyite.	5	Chap. CXI
749	De la pierre iudaique.	5	Chap. CXII
750	De la pierre amiantus ou alum de plume.	5	Chapitre CXIII
750	Du sapphir.	5	Chap. CXIIII
750	De la pierre memphites.	5	Chap. CXV
751	De la pierre selenite.	5	Chap. CXVI
751	Du iaspe.	5	Chap. CXVII
752	De la pierre d'aigle.	5	Chap. CXVIII
752	De la pierre serpentine.	5	Chap. CXIX
752	Des pierres des esponges.	5	Chap. CXX
752	De la colle des pierres.	5	Chap. CXXI
753	De la pierre ostracite.	5	Chap. CXXII
753	De l'emeri.	5	Chap. CXXIII
753	Du sable du rivage de mer.	5	Chap. CXXIIII
753	De la pierre naxienne.	5	Chap. CXXV
753	De la pierre geodes.	5	Chap. CXXVI
753	De toute terre en general.	5	Chap. CXXVII
753	De la terre eretrienne.	5	Chap. CXXVIII
754	De la terre Samienne	5	Chap. CXXIX
754	De la pierre Samienne	5	Chap. CXXX
754	De la terre de Chio	5	Chap. CXXXI
754	De la terre Selinusienne	5	Chap. CXXXII
754	De la terre Cimolie	5	Chap. CXXXIII
754	De la terre pnigite	5	Chap. CXXXIIII
754	Des tez des fourneaux	5	Chap. CXXXV
754	De la terre fourneaux	5	Chap. CXXXVI
755	De la terre melienne.	5	Chap. CXXXVII
755	De la terre ampelite.	5	Chap. CXXXVIII
755	De la suye des peintres.	5	Chap. CXXXIX
755	De l'encre a ecrire.	5	Chap. CXL
