wechel_scan_id	wechel_book	wechel_page	wechel_title	wechel_chapter
38	Liber primus	4	De Iride.	Cap. I
40	Liber primus	6	De Acoro.	Cap. II
40	Liber primus	6	De Meo.	Cap. III
40	Liber primus	6	De Cypero.	Cap. IIII
41	Liber primus	7	De Cardamomo.	Cap. V
42	Liber primus	8	De Nardo.	Cap. VI
43	Liber primus	9	De Nardo Celtica.	Cap. VII
44	Liber primus	10	De Nardo Montana.	Cap. VIII
44	Liber primus	10	De Asaro.	Cap. IX
44	Liber primus	10	De Phu.	Cap. X
45	Liber primus	11	De Malabathro.	Cap. XI
45	Liber primus	11	De Cassia.	Cap. XII
46	Liber primus	12	De Cinnamomo.	Cap. XIII
48	Liber primus	14	De Amomo.	Cap. XIIII
49	Liber primus	15	De Costo.	Cap. XV
49	Liber primus	15	De Iunco odorato.	Cap. XVI
50	Liber primus	16	De Calamo odorato.	Cap. XVII
50	Liber primus	16	De Balsamo.	Cap. XVIII
52	Liber primus	18	De Aspalatho.	Cap. XIX
53	Liber primus	19	De Musco.	Cap. XX
53	Liber primus	19	De Agallocho.	Cap. XXI
53	Liber primus	19	De Nascaphtho.	Cap. XXII
53	Liber primus	19	De Cancamo.	Cap. XXIII
54	Liber primus	20	De Cyphi.	Cap. XXIIII
54	Liber primus	20	De Croco.	Cap. XXV
55	Liber primus	21	De Crocomagmate.	Cap. XXVI
56	Liber primus	22	De Helenio.	Cap. XXVII
56	Liber primus	22	De Helenio Aegyptio.	Cap. XXVIII
56	Liber primus	22	De oleo omphacino.	Cap. XXIX
57	Liber primus	23	De oleo communi.	Cap. XXX
57	Liber primus	23	De oleo sylvestris olivae.	Cap. XXXI
57	Liber primus	23	Oleum candidum.	Cap. XXXII
58	Liber primus	24	De Sicyonio oleo.	Cap. XXXIII
58	Liber primus	24	Strigmenta à balneis.	Cap. XXXIIII
58	Liber primus	24	Strigmenta palaestrica.	Cap. XXXV
58	Liber primus	24	Strigmenta gymnasiorum.	Cap. XXXVI
59	Liber primus	25	De Elaeomelite.	Cap. XXXVII
59	Liber primus	25	De Cicino oleo.	Cap. XXXVIII
60	Liber primus	26	De Amygdalino oleo.	Cap. XXXIX
60	Liber primus	26	De Balanino oleo.	Cap. XL
60	Liber primus	26	Olea Sesaminum et Caryinum.	Cap. XLI
61	Liber primus	27	De Hyoscyamino oleo.	Cap. XLII
61	Liber primus	27	De Gnidico oleo.	Cap. XLIII
61	Liber primus	27	De Cnicino oleo.	Cap. XLIIII
61	Liber primus	27	De Raphanino oleo.	Cap. XLV
61	Liber primus	27	De Melanthino oleo.	Cap. XLVI
61	Liber primus	27	De Sinapino oleo.	Cap. XLVII
61	Liber primus	27	De Myrtino oleo.	Cap. XLVIII
62	Liber primus	28	De Laurino oleo.	Cap. XLIX
62	Liber primus	28	De Lentiscino et Terebinthino.	Cap. L
63	Liber primus	29	De Mastichino.	Cap. LI
63	Liber primus	29	De unguentorum compositione.	Cap. LII
63	Liber primus	29	De Rosacei praeparatione.	Cap. LIII
64	Liber primus	30	De Elatini confectione.	Cap. LIIII
65	Liber primus	31	De Melini compositione.	Cap. LV
65	Liber primus	31	De Oenanthini confectione.	Cap. LVI
65	Liber primus	31	De Telini componendi ratione.	Cap. LVII
66	Liber primus	32	De Sampsuchini componendi.	Cap. LVIII
66	Liber primus	32	De Ocimini praeparatione. C. LIX	
67	Liber primus	33	De Abrotonini confectione.	Cap. LX
67	Liber primus	33	De Anethini componendi ratione.	Cap. LXI
67	Liber primus	33	De Susini compositione.	Cap. LXII
69	Liber primus	35	De Narcissini mistura.	Cap. LXIII
69	Liber primus	35	De Crocini confectione. C. LXIIII	
70	Liber primus	36	De Cyprini olei spissamento ac praeparatione.	Cap. LXV
71	Liber primus	37	De Irini spissamento.	Cap. LXVI
72	Liber primus	38	De Gleucini compositione.	Cap. LXVII
72	Liber primus	38	De Amaracino.	Cap. LXVIII
73	Liber primus	39	De Megalio.	Cap. LXIX
73	Liber primus	39	De Hedychroo.	Cap. LXX
73	Liber primus	39	De Metopio.	Cap. LXXI
74	Liber primus	40	De Mendesio.	Cap. LXXII
74	Liber primus	40	De Stacte.	Cap. LXXIII
74	Liber primus	40	De Cinnamomino.	Cap. LXXIIII
75	Liber primus	41	De Nardino unguento.	Cap. LXXV
75	Liber primus	41	De Malabathrino.	Cap. LXXVI
75	Liber primus	41	De Myrrha.	Cap. LXXVII
77	Liber primus	43	De Boeotica myrrha.	Cap. LXXVIII
77	Liber primus	43	De Styrace.	Cap. LXXIX
78	Liber primus	44	De Bdellio.	Cap. LXXX
79	Liber primus	45	De Thure.	Cap. LXXXI
80	Liber primus	46	De Thuris cortice.	Cap. LXXXII
80	Liber primus	46	De Manna thuris.	Cap. LXXXIII
81	Liber primus	47	De Thuris fuligine.	Cap. LXXXIIII
81	Liber primus	47	De Fuliginis confectione.	Cap. LXXXV
81	Liber primus	47	De Pinu.	Cap. LXXXVI
82	Liber primus	48	De Pityidibus.	Cap. LXXXVII
82	Liber primus	48	De Strobilis.	Cap. LXXXVIII
83	Liber primus	49	De Lentisco.	Cap. LXXXIX
83	Liber primus	49	De Resina lentiscina.	Cap. XC
84	Liber primus	50	De Terebintho.	Cap. XCI
84	Liber primus	50	De Resinis alÿs.	Cap. XCII
85	Liber primus	51	De Urendae resinae modo, eiusdémque fuligine.	Cap. XCIII
86	Liber primus	52	De Pice liquida.	Cap. XCIIII
86	Liber primus	52	De picino Oleo.	Cap. XCV
86	Liber primus	52	De Picis liquidae Fuligine.	Cap. XCVI
87	Liber primus	53	De Pice spissa sive arida.	Cap. XCVII
87	Liber primus	53	De Zopissa.	Cap. XCVIII
87	Liber primus	53	De Bitumine.	Cap. XCIX
88	Liber primus	54	De Pissasphalto.	Cap. C
88	Liber primus	54	De Naphtha.	Cap. CI
88	Liber primus	54	De Cupresso.	Cap. CII
89	Liber primus	55	De Iunipero.	Cap. CIII
89	Liber primus	55	De Sabina.	Cap. CIIII
90	Liber primus	56	De Cedro.	Cap. CV
91	Liber primus	57	De Lauro.	Cap. CVI
92	Liber primus	58	De Platano.	Cap. CVII
92	Liber primus	58	De Fraxino.	Cap. CVIII
92	Liber primus	58	De Populo alba.	Cap. CIX
92	Liber primus	58	De Macere.	Cap. CX
93	Liber primus	59	De Ulmo.	Cap. CXI
93	Liber primus	59	De Lignorum carie.	Cap. CXII
93	Liber primus	59	De Populo nigra.	Cap. CXIII
93	Liber primus	59	De Harundine.	Cap. CXIIII
94	Liber primus	60	De Papyro.	Cap. CXV
94	Liber primus	60	De Myrica sev tamarice.	Cap. CXVI
95	Liber primus	61	De Erica.	Cap. CXVII
95	Liber primus	61	De Acacalide.	Cap. CXVIII
95	Liber primus	61	De Rhamno.	Cap. CXIX
96	Liber primus	62	De Halimo.	Cap. CXX
96	Liber primus	62	De Paliuro.	Cap. CXXI
96	Liber primus	62	De Acuta spina.	Cap. CXXII
97	Liber primus	63	De Cynosbato.	Cap. CXXIII
97	Liber primus	63	De Cypro.	Cap. CXXIIII
97	Liber primus	63	De Phillyrea.	Cap. CXXV
98	Liber primus	64	De Cisto.	Cap. CXXVI
98	Liber primus	64	De Hypocistide.	Cap. CXXVII
98	Liber primus	64	De Ladano.	Cap. CXXVIII
99	Liber primus	65	De Ebeno.	Cap. CXXIX
100	Liber primus	66	De Rosa.	Cap. CXXX
100	Liber primus	66	De Roseis pastillis.	Cap. CXXXI
101	Liber primus	67	De Lycio.	Cap. CXXXII
102	Liber primus	68	De Acacia.	Cap. CXXXIII
103	Liber primus	69	De Amurca.	Cap. CXXXVIII
104	Liber primus	70	De Vitice.	Cap. CXXXV
104	Liber primus	70	De Salice.	Cap. CXXXVI
105	Liber primus	71	De Oleastro.	Cap. CXXXVII
106	Liber primus	72	De Olea.	Cap. CXXXVIII
106	Liber primus	72	De Colymbadibus olivis.	Cap. CXXXIX
106	Liber primus	72	De sylvestris olivae oleo.	Cap. CXL
106	Liber primus	72	De oleae Aethiopicae lachryma.	Cap. CXLI
107	Liber primus	73	De Quercu.	Cap. CXLII
107	Liber primus	73	De Glandibus.	Cap. CXLIII
107	Liber primus	73	De Fago et Ilice.	Cap. CXLIIII
107	Liber primus	73	De Castaneis.	Cap. CXLV
107	Liber primus	73	De Gallis.	Cap. CXLVI
108	Liber primus	74	De Rhu.	Cap. CXLVII
109	Liber primus	75	De Palma.	Cap. CXLVIII
109	Liber primus	75	De Palmis Thebaicis.	Cap. CXLIX
110	Liber primus	76	De Palma elate.	Cap. CL
110	Liber primus	76	De Malo Punico.	Cap. CLI
111	Liber primus	77	De Cytinis.	Cap. CLII
111	Liber primus	77	De Malicorio.	Cap. CLIII
111	Liber primus	77	De Balaustijs.	Cap. CLIIII
111	Liber primus	77	De Myrto.	Cap. CLV
112	Liber primus	78	De Myrtidano.	Cap. CLVI
113	Liber primus	79	De Cerasiis.	Cap. CLVII
113	Liber primus	79	De Siliquis.	Cap. CLVIII
113	Liber primus	79	De Malo.	Cap. CLIX
113	Liber primus	79	De Cotoness.	Cap. CLX
114	Liber primus	80	De Melimelis seu musteis. C. CLXI	
114	Liber primus	80	De Epiroticis malis.	Cap. CLXII
114	Liber primus	80	De Sylvestibus malis. C. CLXIII	
114	Liber primus	80	De Persicis malis.	Cap. CLXIIII
114	Liber primus	80	De Armeniacis.	Cap. CLXV
114	Liber primus	80	De Medicis.	Cap. CLXVI
115	Liber primus	81	De Pyro.	Cap. CLXVII
115	Liber primus	81	De Pyro sylvestri.	Cap. CLXVIII
115	Liber primus	81	De Mespilis.	Cap. CLXIX
115	Liber primus	81	De altera Mespilo.	Cap. CLXX
116	Liber primus	82	De Loto.	Cap. CLXXI
116	Liber primus	82	De Corno.	Cap. CLXXII
116	Liber primus	82	De Sorbis.	Cap. CLXXIII
116	Liber primus	82	De Pruno.	Cap. CLXXIIII
116	Liber primus	82	De Arbuto.	Cap. CLXXV
117	Liber primus	83	De Amygdalo.	Cap. CLXXVI
117	Liber primus	83	De Pistaciis.	Cap. CLXXVII
117	Liber primus	83	De nucib iuglandib. C. CLXXVIII	
118	Liber primus	84	De Nucibus auellanis.	Cap. CLXIX
118	Liber primus	84	De Moro.	Cap. CLXXX
119	Liber primus	85	De Sycomoro.	Cap. CLXXXI
120	Liber primus	86	De fico Cypria.	Cap. CLXXXII
120	Liber primus	86	De ficubus.	Cap. CLXXXIII
121	Liber primus	87	De Ficu sylvestri.	Cap. CLXXXIIII
121	Liber primus	87	De Grossis.	Cap. CLXXXV
122	Liber primus	88	De Lixivio ficus.	Cap. CLXXXVI
122	Liber primus	88	De Persea.	Cap. CLXXXVII
122	Liber primus	88	De Iberide.	Cap. CLXXXVIII
123	Liber secundus	89	De Echino marino.	Cap. I
124	Liber secundus	90	De terrestri echino.	Cap. II
124	Liber secundus	90	De Hippocampo.	Cap. III
124	Liber secundus	90	De Purpura.	Cap. IIII
124	Liber secundus	90	De Buccinis.	Cap. V
124	Liber secundus	90	De Cionijs.	Cap. VI
124	Liber secundus	90	De Mytulis seu musculis.	Cap. VII
125	Liber secundus	91	De Tellinis.	Cap. VIII
125	Liber secundus	91	De Chamis.	Cap. IX
125	Liber secundus	91	De ungue.	Cap. X
125	Liber secundus	91	De Cochleis.	Cap. XI
126	Liber secundus	92	De Cancris.	Cap. XII
126	Liber secundus	92	De Scorpione terrestri.	Cap. XIII
127	Liber secundus	93	De Scorpione marino.	Cap. XIIII
127	Liber secundus	93	De dracone marino.	Cap. XV
127	Liber secundus	93	De Scolopendra.	Cap. XVI
127	Liber secundus	93	De Torpedine.	Cap. XVII
127	Liber secundus	93	De Vipera.	Cap. XVIII
128	Liber secundus	94	De Anguium senecta.	Cap. XIX
128	Liber secundus	94	De Lepore marino.	Cap. XX
128	Liber secundus	94	De Lepore terrestri.	Cap. XXI
128	Liber secundus	94	De Pastinaca marina.	Cap. XXII
128	Liber secundus	94	De Sepia.	Cap. XXIII
129	Liber secundus	95	De Mullo.	Cap. XXIIII
129	Liber secundus	95	De Hippopotami seu fluviatilis equi testiculo.	Cap. XXV
129	Liber secundus	95	De Castorio, seu fibri testibus.	Cap. XXVI
130	Liber secundus	96	De Mustela vulgari seu domestica.	Cap. XXVII
130	Liber secundus	96	De Ranis.	Cap. XXVIII
130	Liber secundus	96	De Siluro.	Cap. XXIX
130	Liber secundus	96	De Smaride.	Cap. XXX
130	Liber secundus	96	De Maena.	Cap. XXXI
131	Liber secundus	97	De Gobio.	Cap. XXXII
131	Liber secundus	97	De salsamento quod omotarichon appellatur.	Cap. XXXIII
131	Liber secundus	97	De Garo.	Cap. XXXIIII
131	Liber secundus	97	De Recentium piscium iusculo. C. XXXV. De Cimicibus.	Cap. XXXVI
132	Liber secundus	98	De Millepedis.	Cap. XXXVII
132	Liber secundus	98	De Blatta.	Cap. XXXVIII
132	Liber secundus	98	De Pulmone marino.	Cap. XXXIX
132	Liber secundus	98	De Pulmone suillo.	Cap. XL
132	Liber secundus	98	De Pulmone vulpino.	Cap. XLI
132	Liber secundus	98	De Hepate asinino.	Cap. XLII
132	Liber secundus	98	De masculi cervi Genitali.	Cap. XLIII
132	Liber secundus	98	De asinorum Ungulis.	Cap. XLIIII
133	Liber secundus	99	De equorum lichenibus.Cap. XLV	
133	Liber secundus	99	De Caprinis ungulis.Cap. XLVI	
133	Liber secundus	99	De Caprino iecore.C. XLVII. De Aprino iecore.Cap. XLVIII	
133	Liber secundus	99	De canis rabidi Iecore. C. XLIX. De Iecore mergi.Cap. L	
133	Liber secundus	99	De Veteribus soleis.Cap. LI	
133	Liber secundus	99	De Gallinis.Cap. LII	
134	Liber secundus	100	De Ovo.	Cap. LIIII
134	Liber secundus	100	De Ovi candido seu albumine. C. LV. De Cicadis.	Cap. LVI
135	Liber secundus	101	De Locustis.	Cap. LVII
135	Liber secundus	101	De Ossifrago.	Cap. LVIII
135	Liber secundus	101	De Galerita.	Cap. LIX
135	Liber secundus	101	De Hirundine.	Cap. LX
135	Liber secundus	101	De Ebore.	Cap. LXI
135	Liber secundus	101	De Talo suillo.	Cap. LXII
136	Liber secundus	102	De Cornu cervino.	Cap. LXIII
136	Liber secundus	102	De Erucis.	Cap. LXIIII
136	Liber secundus	102	De Cantharidibus.	Cap. LXV
136	Liber secundus	102	De Bupresti.	Cap. LXVI
137	Liber secundus	103	De Salamandra.	Cap. LXVII
137	Liber secundus	103	De Araneo.	Cap. LXVIII
137	Liber secundus	103	De Lacerta.	Cap. LXIX
137	Liber secundus	103	De Sepe.	Cap. LXX
137	Liber secundus	103	De Scinco.	Cap. LXXI
138	Liber secundus	104	De Terrenis vermibus. C. LXXII. De Mure araneo.	Cap. LXXIII
138	Liber secundus	104	De Muribus.	Cap. LXXIIII
138	Liber secundus	104	De Lacte.	Cap. LXXV
139	Liber secundus	105	De Sero lactis.	Cap. LXXVI
139	Liber secundus	105	De Schisto lacte.	Cap. LXXVII
140	Liber secundus	106	De Lacte muliebri. C. LXXVIII. De Caseo recenti.	Cap. LXXIX
140	Liber secundus	106	De Hippace.	Cap. LXXX
141	Liber secundus	107	De Butyro et eius fuligine.	Cap. LXXXI
141	Liber secundus	107	De Lanis.	Cap. LXXXII
142	Liber secundus	108	De Lanis ustis.	Cap. LXXXIII
142	Liber secundus	108	De Oesypo.	Cap. LXXXIIII
143	Liber secundus	109	De Coagulo.	Cap. LXXXV
144	Liber secundus	110	De adipe.	Cap. LXXXVI
145	Liber secundus	111	De suillo et ursino adipe.	Cap. LXXXVII
145	Liber secundus	111	De sevo hircino, ovillo et cervino.	Cap. LXXXVIII
146	Liber secundus	112	De sevo bubulo.	Cap. LXXXIX
146	Liber secundus	112	De adipe taurino, pantherino ac leonino.	Cap. XC
147	Liber secundus	113	Quomodo pingue odoramentis imbuendum sit.	Cap. XCI
149	Liber secundus	115	Quomodo adeps sampsuchi odore imbuatur.	Cap. XCII
149	Liber secundus	115	De adipe anserino et gallinaceo.	Cap. XCIII
149	Liber secundus	115	Adipum vis.	Cap. XCIIII
150	Liber secundus	116	De Medullis.	Cap. XCV
151	Liber secundus	117	De omni fellis genere.	Cap. XCVI
152	Liber secundus	118	De sanguinis varijs generibus.	Cap. XCVII
153	Liber secundus	119	De fimo.	Cap. XCVIII
154	Liber secundus	120	De urinis.	Cap. XCIX
155	Liber secundus	121	De Lyncurio.	Cap. C
155	Liber secundus	121	De Melle.	Cap. CI
156	Liber secundus	122	De Melle Sardoo.	Cap. CII
156	Liber secundus	122	De Melle Pontico.	Cap. CIII
156	Liber secundus	122	De Saccharo.	Cap. CIIII
157	Liber secundus	123	De Cera.	Cap. CV
158	Liber secundus	124	De Propoli.	Cap. CVI
158	Liber secundus	124	De Tritico.	Cap. CVII
159	Liber secundus	125	De Hordeo.	Cap. CVIII
159	Liber secundus	125	De Zytho.	Cap. CIX
160	Liber secundus	126	De Curmi.	Cap. CX
160	Liber secundus	126	De Zea.	Cap. CXI
160	Liber secundus	126	De Crimno.	Cap. CXII
160	Liber secundus	126	De Olyra.	Cap. CXIII
160	Liber secundus	126	De Athera.	Cap. CXIIII
160	Liber secundus	126	De Trago.	Cap. CXV
160	Liber secundus	126	De Avena.	Cap. CXVI
161	Liber secundus	127	De Oryza.	Cap. CXVII
161	Liber secundus	127	De Chondro.	Cap. CXVIII
161	Liber secundus	127	De Milio.	Cap. CXIX
161	Liber secundus	127	De Panico.	Cap. CXX
161	Liber secundus	127	De Sesamo.	Cap. CXXI
161	Liber secundus	127	De Lolio.	Cap. CXXII
162	Liber secundus	128	De Amylo.	Cap. CXXIII
162	Liber secundus	128	De Foenigraeci farina.	Cap. CXXIIII
163	Liber secundus	129	De Lino.	Cap. CXXV
163	Liber secundus	129	De Cicere.	Cap. CXXVI
164	Liber secundus	130	De Faba Graeca.	Cap. CXXVII
165	Liber secundus	131	De Faba Aegyptia.	Cap. CXXVIII
165	Liber secundus	131	De Lente.	Cap. CXXIX
166	Liber secundus	132	De Phasiolo.	Cap. CXXX
166	Liber secundus	132	De Ervo.	Cap. CXXXI
167	Liber secundus	133	De Lupino.	Cap. CXXXII
167	Liber secundus	133	De lupino sylvestri.	Cap. CXXXIII
167	Liber secundus	133	De Rapo.	Cap. CXXXIIII
168	Liber secundus	134	De rapo sylvestri.	Cap. CXXXV
168	Liber secundus	134	De Buniade.	Cap. CXXXVI
168	Liber secundus	134	De raphano, seu radicula.	Cap. CXXXVII
169	Liber secundus	135	De radicula sylvestri.	Cap. CXXXVIII
169	Liber secundus	135	De Sisere.	Cap. CXXXIX
169	Liber secundus	135	De Lapatho, sive rumice.	Cap. CXL
170	Liber secundus	136	De Hippolapatho.	Cap. CXLI
170	Liber secundus	136	De Lampsana.	Cap. CXLII
170	Liber secundus	136	De Blito.	Cap. CXLIII
170	Liber secundus	136	De Malva.	Cap. CXLIIII
171	Liber secundus	137	De Atriplice.	Cap. CXLV
171	Liber secundus	137	De Brassica.	Cap. CXLVI
172	Liber secundus	138	De brassica sylvestri.	Cap. CXLVII
172	Liber secundus	138	De brassica marina.	Cap. CXLVIII
172	Liber secundus	138	De beta.	Cap. CXLIX
172	Liber secundus	138	De Portulaca.	Cap. CL
173	Liber secundus	139	De Portulaca sylvestri.	Cap. CLI
173	Liber secundus	139	De Asparago.	Cap. CLII
174	Liber secundus	140	De Plantagine.	Cap. CLIII
175	Liber secundus	141	De Sio.	Cap. CLIIII
175	Liber secundus	141	De Sisymbrio.	Cap. CLV
176	Liber secundus	142	De Sisymbrio altero.	Cap. CLVI
176	Liber secundus	142	De Crithmo.	Cap. CLVII
176	Liber secundus	142	De Coronopode.	Cap. CLVIII
177	Liber secundus	143	De Soncho.	Cap. CLIX
177	Liber secundus	143	De Seride.	Cap. CLX
177	Liber secundus	143	De Condrilla.	Cap. CLXI
178	Liber secundus	144	De Cucurbita.	Cap. CLXII
178	Liber secundus	144	De Cucumere sativo.	Cap. CLXIII
179	Liber secundus	145	De Pepone.	Cap. CLXIIII
179	Liber secundus	145	De Lactuca sativa.	Cap. CLXV
179	Liber secundus	145	De Sylvestri lactuca.	Cap. CLXVI
180	Liber secundus	146	De Gingidio.	Cap. CLXVII
180	Liber secundus	146	De Scandice.	Cap. CLXVIII
180	Liber secundus	146	De Caucalide.	Cap. CLXIX
180	Liber secundus	146	De Eruca.	Cap. CLXX
180	Liber secundus	146	De Ocimo.	Cap. CLXXI
181	Liber secundus	147	De Orobanche.	Cap. CLXXII
181	Liber secundus	147	De Barbula hirci.	Cap. CLXXIII
181	Liber secundus	147	De Ornithogalo.	Cap. CLXXIIII
182	Liber secundus	148	De Tubere.	Cap. CLXXV
182	Liber secundus	148	De Smilace hortensi.	Cap. CLXXVI
182	Liber secundus	148	De Medica.	Cap. CLXXVII
182	Liber secundus	148	De Aphaca.	Cap. CLXXVIII
183	Liber secundus	149	De Porro.	Cap. CLXXIX
183	Liber secundus	149	De Ampelopraso.	Cap. CLXXX
183	Liber secundus	149	De Caepa.	Cap. CLXXXI
184	Liber secundus	150	De Allio.	Cap. CLXXXII
185	Liber secundus	151	De Scordopraso.	Cap. CLXXXIII
185	Liber secundus	151	De Sinapi.	Cap. CLXXXIIII
186	Liber secundus	152	De Nasturtio.	Cap. CLXXXV
186	Liber secundus	152	De Thlaspi.	Cap. CLXXXVI
187	Liber secundus	153	De Draba.	Cap. CLXXVII
187	Liber secundus	153	De Erysimo, seu irione.	Cap. CLXXXVIII
188	Liber secundus	154	De Pipere.	Cap. CLXXXIX
189	Liber secundus	155	De Zingibere.	Cap. CXC
189	Liber secundus	155	De Hydropipere.	Cap. CXCI
189	Liber secundus	155	De Ptarmica.	Cap. CXCII
190	Liber secundus	156	De Struthio seu radicula.	Cap. CXCIII
190	Liber secundus	156	De Cyclamino.	Cap. CXCIIII
191	Liber secundus	157	De Cyclamino altera.	Cap. CXCV
192	Liber secundus	158	De Dracontio seu dracunculo.	Cap. CXCVI
193	Liber secundus	159	De Aro.	Cap. CXCVII
193	Liber secundus	159	De Ari seu arisaro.	Cap. CXCVIII
193	Liber secundus	159	De Asphodelo, seu hastula regia.	Cap. CXCIX
194	Liber secundus	160	De Bulbo esculento.	Cap. CC
195	Liber secundus	161	De Bulbo vomitorio.	Cap. CCI
195	Liber secundus	161	De Scilla.	Cap. CCII
196	Liber secundus	162	De Pancratio.	Cap. CCIII
196	Liber secundus	162	De Cappari.	Cap. CCIIII
197	Liber secundus	163	De Lepidio.	Cap. CCV
197	Liber secundus	163	De Ranunculo.	Cap. CCVI
198	Liber secundus	164	De Anemone.	Cap. CCVII
199	Liber secundus	165	De Argemone.	Cap. CCVIII
199	Liber secundus	165	De Anagallide.	Cap. CCIX
200	Liber secundus	166	De Hedera.	Cap. CCX
201	Liber secundus	167	De Chelidonia.	Cap. CCXI
201	Liber secundus	167	De Chelidonia minore.	Cap. CCXII
202	Liber secundus	168	De Othonna.	Cap. CCXIII
202	Liber secundus	168	De Myosotide, seu muris auricula.	Cap. CCXIIII
203	Liber secundus	169	De Isatide sativa, seu glasto.	Cap. CCXV
203	Liber secundus	169	De Isatide sylvestri.	Cap. CCXVI
203	Liber secundus	169	De Telephio.	Cap. CCXVII
204	Liber tertius	170	De Agarico.	Cap. I
205	Liber tertius	171	De Rha.	Cap. II
206	Liber tertius	172	De Gentiana.	Cap. III
207	Liber tertius	173	De Aristolochia rotunda.	Cap. IIII
207	Liber tertius	173	De Aristolochia longa.	Cap. V
207	Liber tertius	173	De Aristolochia Clematitide.	Cap. VI
208	Liber tertius	174	De Glycyrrhiza.	Cap. VII
208	Liber tertius	174	De Centaurio maiore.	Cap. VIII
209	Liber tertius	175	De Centaurio minore.	Cap. IX
210	Liber tertius	176	De Chamaeleone albo.	Cap. X
211	Liber tertius	177	De Chamaeleone nigro.	Cap. XI
211	Liber tertius	177	De Crocodilio.	Cap. XII
211	Liber tertius	177	De Dipsaco.	Cap. XIII
212	Liber tertius	178	De Spina alba.	Cap. XIIII
212	Liber tertius	178	De Spina Arabica.	Cap. XV
213	Liber tertius	179	De Scolymo, seu carduo.	Cap. XVI
213	Liber tertius	179	De Poterio.	Cap. XVII
213	Liber tertius	179	De Acanthio.	Cap. XVIII
213	Liber tertius	179	De Acantha seu acantho.	Cap. XIX
214	Liber tertius	180	De Acantha Sylvestri.	Cap. XX
214	Liber tertius	180	De Anonide.	Cap. XXI
214	Liber tertius	180	De Leucacantha.	Cap. XXII
214	Liber tertius	180	De Tragacantha.	Cap. XXIII
215	Liber tertius	181	De Eryngio.	Cap. XXIIII
215	Liber tertius	181	De Aloë.	Cap. XXV
217	Liber tertius	183	De Absinthio.	Cap. XXVI
218	Liber tertius	184	De Absinthio marino.	Cap. XXVII
218	Liber tertius	184	De Absinthio Santonico. C. XXVIII. De Abrotono.	Cap. XXIX
219	Liber tertius	185	De Hyssopo.	Cap. XXX
220	Liber tertius	186	De Stoechade.	Cap. XXXI
220	Liber tertius	186	De Origano.	Cap. XXXII
220	Liber tertius	186	De Onitide.	Cap. XXXIII
220	Liber tertius	186	De origano sylvestri.	Cap. XXXIIII
221	Liber tertius	187	De Tragorigano.	Cap. XXXV
221	Liber tertius	187	De Pulegio.	Cap. XXXVI
222	Liber tertius	188	De Dictamno.	Cap. XXXVII
222	Liber tertius	188	De Pseudodictamno.	Cap. XXXVIII
222	Liber tertius	188	De altero Dictamno Cretico.	Cap. XXXIX
223	Liber tertius	189	De Salvia.	Cap. XL
223	Liber tertius	189	De Menta sativa.	Cap. XLI
224	Liber tertius	190	De Mentha sylvestri.	Cap. XLII
224	Liber tertius	190	De Calamintha.	Cap. XLIII
224	Liber tertius	190	De Thymo.	Cap. XLIIII
225	Liber tertius	191	De Thymbra.	Cap. XLV
225	Liber tertius	191	De Serpyllo.	Cap. XLVI
226	Liber tertius	192	De Sampsucho.	Cap. XLVII
226	Liber tertius	192	De Meliloto, seu sertula Campana.	Cap. XLVIII
227	Liber tertius	193	De Maro.	Cap. XLIX
227	Liber tertius	193	De Acino.	Cap. L
227	Liber tertius	193	De Bacchare.	Cap. LI
227	Liber tertius	193	De Ruta.	Cap. LII
229	Liber tertius	195	De Ruta sylvestri.	Cap. LIII
230	Liber tertius	196	De Moly.	Cap. LIIII
230	Liber tertius	196	De Panace.	Cap. LV
231	Liber tertius	197	De Panace Asclepio.	Cap. LVI
231	Liber tertius	197	De Panace Chironio.	Cap. LVII
232	Liber tertius	198	De Ligustico.	Cap. LVIII
232	Liber tertius	198	De Pastinaca.	Cap. LIX
233	Liber tertius	199	De Seseli Massiliensi.	Cap. LX
233	Liber tertius	199	De Seseli Aethiopico.	Cap. LXI
233	Liber tertius	199	De Seseli Peloponnensi.	Cap. LXII
234	Liber tertius	200	De Tordylio.	Cap. LXIII
234	Liber tertius	200	De Sisone.	Cap. LXIIII
234	Liber tertius	200	De Aniso.	Cap. LXV
234	Liber tertius	200	De Caro.	Cap. LXVI
235	Liber tertius	201	De Anetho.	Cap. LXVII
235	Liber tertius	201	De Cumino sativo.	Cap. LXVIII
235	Liber tertius	201	De Cumino sylvestri.	Cap. LXIX
236	Liber tertius	202	De Ammi.	Cap. LXX
236	Liber tertius	202	De Coriandro.	Cap. LXXI
236	Liber tertius	202	De Hieracio magno.	Cap. LXXII
237	Liber tertius	203	De Hieracio parvo.	Cap. LXXIII
237	Liber tertius	203	De Apio.	Cap. LXXIIII
237	Liber tertius	203	De Heleoselino, seu apio palustri.	Cap. LXXV
237	Liber tertius	203	De Oreoselino.	Cap. LXXVI
238	Liber tertius	204	De Petroselino.	Cap. LXXVII
238	Liber tertius	204	De Hipposelino.	Cap. LXXVIII
238	Liber tertius	204	De Smyrnio.	Cap. LXXIX
239	Liber tertius	205	De Elaphobosco.	Cap. LXXX
239	Liber tertius	205	De foeniculo.	Cap. LXXXI
240	Liber tertius	206	De Hippomarathro. C. LXXXII. De Dauco.	Cap. LXXXIII
241	Liber tertius	207	De Delphinio.	Cap. LXXXIIII
241	Liber tertius	207	De Delphinio altero. C. LXXXV. De Pyrethro, seu salivari herba.	Cap. LXXXVI
242	Liber tertius	208	De Libanotide. C. LXXXVII	
243	Liber tertius	209	De Cachry.	Cap. LXXXVIII
243	Liber tertius	209	De Libanotide coronaria.	Cap. LXXXIX
243	Liber tertius	209	De Sphondylio.	Cap. XC
244	Liber tertius	210	De Ferula.	Cap. XCI
244	Liber tertius	210	De Peucedano.	Cap. XCII
245	Liber tertius	211	De Gith, seu Melanthio.	Cap. XCIII
246	Liber tertius	212	De Silphio.	Cap. XCIIII
248	Liber tertius	214	De Sagapeno.	Cap. XCV
248	Liber tertius	214	De Euphorbio.	Cap. XCVI
249	Liber tertius	215	De Galbano.	Cap. XCVII
250	Liber tertius	216	De Hammoniaco.	Cap. XCVIII
251	Liber tertius	217	De Sarcocolla.	Cap. XCIX
251	Liber tertius	217	De Glaucio.	Cap. C
251	Liber tertius	217	De Glutino.	Cap. CI
251	Liber tertius	217	De Ichthyocolla.	Cap. CII
251	Liber tertius	217	De Visco.	Cap. CIII
252	Liber tertius	218	De Aparine.	Cap. CIIII
252	Liber tertius	218	De Alysso.	Cap. CV
253	Liber tertius	219	De Asclepiade.	Cap. CVI
253	Liber tertius	219	De Atractylide.	Cap. CVII
253	Liber tertius	219	De Polycnemo.	Cap. CVIII
253	Liber tertius	219	De Clinopodio.	Cap. CIX
254	Liber tertius	220	De Leontopetalo.	Cap. CX
254	Liber tertius	220	De Teucrio.	Cap. CXI
254	Liber tertius	220	De Trissagine.	Cap. CXII
255	Liber tertius	221	De Leucade.	Cap. CXIII
255	Liber tertius	221	De Lychnide coronaria.	Cap. CXIIII
255	Liber tertius	221	De Lychnide sylvestri.	Cap. CXV
255	Liber tertius	221	De Lilio.	Cap. CXVI
256	Liber tertius	222	De Ballote.	Cap. CXVII
256	Liber tertius	222	De Apiastro.	Cap. CXVIII
257	Liber tertius	223	De Marrubio.	Cap. CXIX
257	Liber tertius	223	De Stachy.	Cap. CXX
258	Liber tertius	224	De Phyllitide.	Cap. CXXI
258	Liber tertius	224	De Phalangio.	Cap. CXXII
258	Liber tertius	224	De Trifolio.	Cap. CXXIII
259	Liber tertius	225	De Polio.	Cap. CXXIIII
259	Liber tertius	225	De Scordio.	Cap. CXXV
260	Liber tertius	226	De Tussilagine.	Cap. CXXVI
260	Liber tertius	226	De Artemisia.	Cap. CXXVII
261	Liber tertius	227	De Artemisia tenuifolia.	Cap. CXXVIII
261	Liber tertius	227	De Ambrosia.	Cap. CXXIX
261	Liber tertius	227	De Botry.	Cap. CXXX
262	Liber tertius	228	De Geranio.	Cap. CXXXI
262	Liber tertius	228	De Gnaphalio.	Cap. CXXXII
262	Liber tertius	228	De Typha.	Cap. CXXXIII
262	Liber tertius	228	De Circea.	Cap. CXXXIIII
263	Liber tertius	229	De Oenanthe.	Cap. CXXXV
263	Liber tertius	229	De Conyza.	Cap. CXXXVI
263	Liber tertius	229	De Hemerocalle.	Cap. CXXXVII
264	Liber tertius	230	De Leucoio sive viola alba.	Cap. CXXXVIII
264	Liber tertius	230	De Crataegono.	Cap. CXXXIX
264	Liber tertius	230	De Phyllo.	Cap. CXL
265	Liber tertius	231	De Orchi seu testiculo.	Cap. XLI
265	Liber tertius	231	De Testiculo altero.	Cap. CXLII
266	Liber tertius	232	De Satyrio.	Cap. CXLIII
266	Liber tertius	232	De Satyrio erythronio.	Cap. CXLIIII
266	Liber tertius	232	De Hormino.	Cap. CXLV
266	Liber tertius	232	De Hedysaro.	Cap. CXLVI
267	Liber tertius	233	De Onosmate.	Cap. CXLVII
267	Liber tertius	233	De Nymphaea.	Cap. CXLVIII
268	Liber tertius	234	De Nymphaea altera.	Cap. CXLIX
268	Liber tertius	234	De Androsace.	Cap. CL
268	Liber tertius	234	De Aspleno.	Cap. CLI
268	Liber tertius	234	De Hermionitide.	Cap. CLII
269	Liber tertius	235	De Anthyllide.	Cap. CLIII
269	Liber tertius	235	De Anthemide.	Cap. CLIIII
270	Liber tertius	236	De Parthenio.	Cap. CLV
270	Liber tertius	236	De Buphthalmo.	Cap. CLVI
271	Liber tertius	237	De Paeonia.	Cap. CLVII
271	Liber tertius	237	De Lithospermo.	Cap. CLVIII
272	Liber tertius	238	De Phalaride.	Cap. CLIX
272	Liber tertius	238	De Rubia.	Cap. CLX
273	Liber tertius	239	De Lonchitide.	Cap. CLXI
273	Liber tertius	239	De Lonchitide altera. C. CLXII. De Althaea.	Cap. CLXIII
274	Liber tertius	240	De Alcea.	Cap. CLXIIII
274	Liber tertius	240	De Cannabi sativa.	Cap. CLXV
274	Liber tertius	240	De Cannabi sylvestri.	Cap. CLXVI
275	Liber tertius	241	De Anagyri.	Cap. CLXVII
275	Liber tertius	241	De Cepaea.	Cap. CLXVIII
275	Liber tertius	241	De Alismate.	Cap. CLXIX
276	Liber tertius	242	De Onobrychide.	Cap. CLXX
276	Liber tertius	242	De Hyperico.	Cap. CLXXI
276	Liber tertius	242	De Ascyro.	Cap. CLXXII
276	Liber tertius	242	De Androsaemo.	Cap. CLXXIII
277	Liber tertius	243	De Cori.	Cap. CLXXIIII
277	Liber tertius	243	De Chamaepity, seu abiga.	Cap. CLXXV
278	Liber tertius	244	De altera Chamaepity.	Cap. CLXXVI
279	Liber quartus	245	De Vettonica.	Cap. I
280	Liber quartus	246	De Britannica.	Cap. II
280	Liber quartus	246	De Lysimachia.	Cap. III
281	Liber quartus	247	De Polygono mare.	Cap. IIII
281	Liber quartus	247	De Polygono foemina.	Cap. V
281	Liber quartus	247	De Polygonato.	Cap. VI
282	Liber quartus	248	De Clematide.	Cap. VII
282	Liber quartus	248	De Polemonia.	Cap. VIII
282	Liber quartus	248	De Symphyto petraeo.	Cap. IX
283	Liber quartus	249	De Symphyto altero.	Cap. X
283	Liber quartus	249	De Holostio.	Cap. XI
283	Liber quartus	249	De Stoebe.	Cap. XII
284	Liber quartus	250	De Clymeno.	Cap. XIII
284	Liber quartus	250	De Periclymeno.	Cap. XIIII
284	Liber quartus	250	De Tribulo.	Cap. XV
285	Liber quartus	251	De Limonio seu beta sylvestri.	Cap. XVI
285	Liber quartus	251	De Lagopode.	Cap. XVII
285	Liber quartus	251	De Medio.	Cap. XVIII
286	Liber quartus	252	De Epimedio.	Cap. XIX
286	Liber quartus	252	De Xiphio.	Cap. XX
286	Liber quartus	252	De Sparganio.	Cap. XXI
287	Liber quartus	253	De Xyride.	Cap. XXII
287	Liber quartus	253	De Anchusa.	Cap. XXIII
287	Liber quartus	253	De Anchusa altera.	Cap. XXIIII
288	Liber quartus	254	De Anchusa tertia.	Cap. XXV
288	Liber quartus	254	De Lycopsi.	Cap. XXVI
288	Liber quartus	254	De Echio.	Cap. XXVII
289	Liber quartus	255	De Ocimoide, sive Ocimastro.	Cap. XXVIII
289	Liber quartus	255	De Erino.	Cap. XXIX
289	Liber quartus	255	De Gramine.	Cap. XXX
289	Liber quartus	255	De Gramine arundinaceo.	Cap. XXXI
289	Liber quartus	255	De Parnassio gramine.	Cap. XXXII
290	Liber quartus	256	De Sideritide.	Cap. XXXIII
290	Liber quartus	256	De Sideritide altera.	Cap. XXXIIII
290	Liber quartus	256	De Sideritide tertia.	Cap. XXXV
291	Liber quartus	257	De Achillea.	Cap. XXXVI
291	Liber quartus	257	De Rubo.	Cap. XXXVII
291	Liber quartus	257	De Rubo Idaeo.	Cap. XXXVIII
292	Liber quartus	258	De Helxine.	Cap. XXXIX
292	Liber quartus	258	De Elatine.	Cap. XL
292	Liber quartus	258	De Eupatorio.	Cap. XLI
292	Liber quartus	258	De Quinquefolio.	Cap. XLII
293	Liber quartus	259	De Phoenice.	Cap. XLIII
294	Liber quartus	260	De Idaea radice.	Cap. XLIIII
294	Liber quartus	260	De Rhodia radice.	Cap. XLV
294	Liber quartus	260	De Equiseto.	Cap. XLVI
294	Liber quartus	260	De Equiseto altero.	Cap. XLVII
294	Liber quartus	260	De Cocco tinctili.	Cap. XLVIII
295	Liber quartus	261	De Tragio.	Cap. XLIX
295	Liber quartus	261	De Tragio altero.	Cap. L
295	Liber quartus	261	De Trago.	Cap. LI
296	Liber quartus	262	De Iunco.	Cap. LII
296	Liber quartus	262	De Lichene.	Cap. LIII
296	Liber quartus	262	De Paronychia. LIIII. De Chrysocome.	Cap. LV
297	Liber quartus	263	De Chrysogono.	Cap. LVI
297	Liber quartus	263	De Helichryso.	Cap. LVII
297	Liber quartus	263	De Chrysanthemo.	Cap. LVIII
297	Liber quartus	263	De Agerato.	Cap. LIX
298	Liber quartus	264	De Persitereone, seu Verbenaca recta.	Cap. LX
298	Liber quartus	264	De Hierabotane, seu Verbenaca supina.	Cap. LXI
299	Liber quartus	265	De Astragalo.	Cap. LXII
299	Liber quartus	265	De Hyacintho.	Cap. LXIII
299	Liber quartus	265	De Papavere erratico.	Cap. LXIIII
300	Liber quartus	266	De Papavere sativo et sylvestri.	Cap. LXV
302	Liber quartus	268	De Cornuto papavere.	Cap. LXVI
302	Liber quartus	268	De Papavere spumeo.	Cap. LXVII
303	Liber quartus	269	De Hypecoo.	Cap. LXVIII
303	Liber quartus	269	De Apollinari, sive Hyoscyamo.	Cap. LXIX
304	Liber quartus	270	De Psyllio.	Cap. LXX
305	Liber quartus	271	De Solano hortensi.	Cap. LXXI
305	Liber quartus	271	De Solano Halicacabo.	Cap. LXXII
305	Liber quartus	271	De Solano somnifico. C. LXXIII	
306	Liber quartus	272	De Solano manico seu furiali.	Cap. LXXIIII
307	Liber quartus	273	De Dorycnio.	Cap. LXXV
307	Liber quartus	273	De Mandragora.	Cap. LXXVI
309	Liber quartus	275	De Aconito.	Cap. LXXVII
309	Liber quartus	275	De Aconito altero. C. LXXVIII	
310	Liber quartus	276	De Cicuta.	Cap. LXXIX
310	Liber quartus	276	De Taxo.	Cap. LXXX
310	Liber quartus	276	De Apocyno.	Cap. LXXXI
311	Liber quartus	277	De Nerio.	Cap. LXXXII
311	Liber quartus	277	De Fungis.	Cap. LXXXIII
312	Liber quartus	278	De Colchico.	Cap. LXXXIIII
312	Liber quartus	278	De Ephemero.	Cap. LXXXV
312	Liber quartus	278	De Helxine.	Cap. LXXXVI
313	Liber quartus	279	De Alsine.	Cap. LXXXVII
313	Liber quartus	279	De Lenticula palustri.	Cap. LXXXVIII
313	Liber quartus	279	De Sempervivo magno.	Cap. LXXXIX
314	Liber quartus	280	De Sempervivo parvo.	Cap. XC
314	Liber quartus	280	De Sempervivo tertio.	Cap. XCI
314	Liber quartus	280	De Umbilico Veneris.	Cap. XCII
314	Liber quartus	280	De Umbilico veneris altero.	Cap. XCIII
315	Liber quartus	281	De Urtica.	Cap. XCIIII
315	Liber quartus	281	De Galiopsi.	Cap. XCV
316	Liber quartus	282	De Gallio.	Cap. XCVI
316	Liber quartus	282	De Senecione.	Cap. XCVII
316	Liber quartus	282	De Thalictro.	Cap. XCVIII
317	Liber quartus	283	De marino Musco.	Cap. XCIX
317	Liber quartus	283	De marino Fuco, seu alga.	Cap. C
317	Liber quartus	283	De Potamogetone.	Cap. CI
317	Liber quartus	283	De Stratiote.	Cap. CII
317	Liber quartus	283	De Stratiote millefolio.	Cap. CIII
318	Liber quartus	284	De Verbasco.	Cap. CIIII
319	Liber quartus	285	De Aethiopide.	Cap. CV
319	Liber quartus	285	De Arctio.	Cap. CVI
319	Liber quartus	285	De Arcio, sive Personata.	Cap. CVII
320	Liber quartus	286	De Petasite.	Cap. CVIII
320	Liber quartus	286	De Epipactide.	Cap. CIX
320	Liber quartus	286	De Capno seu fumaria.	Cap. CX
320	Liber quartus	286	De Loto sativa.	Cap. CXI
320	Liber quartus	286	De Loto sylvestri.	Cap. CXII
320	Liber quartus	286	De Cytiso.	Cap. CXIII
321	Liber quartus	287	De Loto Aegyptia.	Cap. CXIIII
321	Liber quartus	287	De Myriophyllo, seu millefolio.	Cap. CXV
321	Liber quartus	287	De Myrrhide.	Cap. CXVI
322	Liber quartus	288	De Myagro.	Cap. CXVII
322	Liber quartus	288	De Oenagra.	Cap. CXVIII
322	Liber quartus	288	De Cirsio.	Cap. CXIX
322	Liber quartus	288	De Astere Attico.	Cap. CXX
323	Liber quartus	289	De Isopyro.	Cap. CXXI
323	Liber quartus	289	De Viola nigra seu  purpurea.	Cap. CXXII
323	Liber quartus	289	De Cacalia.	Cap. CXXIII
323	Liber quartus	289	De Bunio.	Cap. CXXIIII
324	Liber quartus	290	De Pseudobunio.	Cap. CXXV
324	Liber quartus	290	De Chamaecisso, seu hedera humi repente.	Cap. CXXVI
324	Liber quartus	290	De Chamaepeuce.	Cap. CXXVII
324	Liber quartus	290	De Buglosso.	Cap. CXXVIII
324	Liber quartus	290	De Cynoglosso.	Cap. CXXIX
325	Liber quartus	291	De Phyteumate.	Cap. CXXX
325	Liber quartus	291	De Leontopodio.	Cap. CXXXI
325	Liber quartus	291	De Hippoglosso.	Cap. CXXXII
325	Liber quartus	291	De Antirrhino.	Cap. CXXXIII
325	Liber quartus	291	De Catanance.	Cap. CXXXIIII
326	Liber quartus	292	De Tripolio.	Cap. CXXXV
326	Liber quartus	292	De Adianto.	Cap. CXXXVI
327	Liber quartus	293	De Trichomane.	Cap. CXXXVII
327	Liber quartus	293	De Xanthio.	Cap. CXXXVIII
327	Liber quartus	293	De Aegilope sive festuca.	Cap. CXXXIX
328	Liber quartus	294	De Bromo.	Cap. CXL
328	Liber quartus	294	De Glauce.	Cap. CXLI
328	Liber quartus	294	De Polygala.	Cap. CXLII
328	Liber quartus	294	De Osyride.	Cap. CXLIII
328	Liber quartus	294	De Smilace aspera. C. CXLIIII	
329	Liber quartus	295	De Smilace levi.	Cap. CXLV
329	Liber quartus	295	De Rusco, seu Myrto sylvestri.	Cap. CXLVI
329	Liber quartus	295	De Lauro Alexandrina.	Cap. CXLVII
330	Liber quartus	296	De Daphnoide.	Cap. CXLVIII
330	Liber quartus	296	De Chamaedaphne.	Cap. CXLIX
330	Liber quartus	296	De Helleboro seu veratro albo.	Cap. CL
331	Liber quartus	297	De Helleboro seu veratro nigro.	Cap. CLI
333	Liber quartus	299	De Sesamoide magno.	Cap. CLII
333	Liber quartus	299	De Sesamoide parvo.	Cap. CLIII
333	Liber quartus	299	De Cucumere sylvestri.	Cap. CLIIII
334	Liber quartus	300	De Elaterio. C. CLV	
335	Liber quartus	301	De Staphide agria, sive herba pediculari.	Cap. CLVI
336	Liber quartus	302	De Thapsia.	Cap. CLVII
337	Liber quartus	303	De Spartio.	Cap. CLVIII
338	Liber quartus	304	De Sylibo.	Cap. CLIX
338	Liber quartus	304	De Glande unguentaria. C. CLX. De Narcisso.	Cap. CLXI
339	Liber quartus	305	De Hippophaë.	Cap. CLXII
339	Liber quartus	305	De Hippophaesto.	Cap. CLXIII
340	Liber quartus	306	De Ricino.	Cap. CLXIIII
340	Liber quartus	306	De Tithymalis, seu lactarijs herbis.	Cap. CLXV
342	Liber quartus	308	De Tithymalo foemina. De Paralio. De Helioscopio	
343	Liber quartus	309	De Cyparissia. De nascente in petris tithymalo, Dendroide nominato. De Platyphyllo, seu latifolio. De Pityusa.	Cap. CLXVI
343	Liber quartus	309	De Lathyride.	Cap. CLXVII
344	Liber quartus	310	De Peplo.	Cap. CLXVIII
344	Liber quartus	310	De Peplide.	Cap. CLXIX
345	Liber quartus	311	De Chamaesyce.	Cap. CLXX
345	Liber quartus	311	De Scammonia.	Cap. CLXXI
346	Liber quartus	312	De Chamelaea.	Cap. CLXXII
347	Liber quartus	313	De Thymelaea.	Cap. CLXXIII
347	Liber quartus	313	De Sambuco.	Cap. CLXXIIII
348	Liber quartus	314	De Chamaeacte, seu humilis sambuco.	Cap. CLXXV
348	Liber quartus	314	De Pycnocomo.	Cap. CLXXVI
349	Liber quartus	315	De Apio.	Cap. CLXXVII
349	Liber quartus	315	De Colocynthide.	Cap. CLXXVIII
350	Liber quartus	316	De Epithymo.	Cap. CLXXIX
350	Liber quartus	316	De Alypo.	Cap. CLXXX
350	Liber quartus	316	De Empetro.	Cap. CLXXXI
350	Liber quartus	316	De Clematitide.	Cap. CLXXXII
351	Liber quartus	317	De Vite Sylvestri.	Cap. CLXXXIII
351	Liber quartus	317	De Vite alba.	Cap. CLXXXIIII
352	Liber quartus	318	De Vite nigra.	Cap. CLXXXV
352	Liber quartus	318	De Filice.	Cap. CLXXXVI
353	Liber quartus	319	De Thelypteri, seu filice foemina.	Cap. CLXXXVII
353	Liber quartus	319	De Polypodio, seu filicula.	Cap. CLXXXVIII
354	Liber quartus	320	De Dryopteri.	Cap. CLXXXIX
354	Liber quartus	320	De Cnico.	Cap. CXC
354	Liber quartus	320	De Linozostide, seu Mercuriali.	Cap. CXCI
355	Liber quartus	321	De Cynocrambe.	Cap. CXCII
355	Liber quartus	321	De Heliotropio magno, seu Solari herba maiore.	Cap. CXCIII356
356	Liber quintus	322	De Scorpioide.	Cap. CXCV
357	Liber quintus	323	De Vite vinifera.	Cap. I
357	Liber quintus	323	De Labrusca seu vite sylvestri.	Cap. II
357	Liber quintus	323	De Vua.	Cap. III
358	Liber quintus	324	De Vua passa.	Cap. IIII
358	Liber quintus	324	De Oenanthe.	Cap. V
359	Liber quintus	325	De Omphacio.	Cap. VI
359	Liber quintus	325	De Vini natura pro aetatis ratione.	Cap. VII
360	Liber quintus	326	Pro ratione coloris.	Cap. VIII
360	Liber quintus	326	Pro saporum eorumque quae illi miscentur differentia.	Cap. IX
361	Liber quintus	327	Pro locorum differentia. C. X	
362	Liber quintus	328	De vini generum facultate.	Cap. XI
363	Liber quintus	329	De vino Omphacite.	Cap. XII
363	Liber quintus	329	De vino secundario et adynamo.	Cap. XIII
364	Liber quintus	330	De Vino è labrusca expresso.	Cap. XIIII
364	Liber quintus	330	De Vino Melitite.	Cap. XV
364	Liber quintus	330	De Mulso.	Cap. XVI
365	Liber quintus	331	De Aqua mulsa.	Cap. XVII
365	Liber quintus	331	De Aqua.	Cap. XVIII
366	Liber quintus	332	De Aqua marina.	Cap. XIX
366	Liber quintus	332	De Thalassomelite.	Cap. XX
367	Liber quintus	333	De Aceto.	Cap. XXI
367	Liber quintus	333	De Oxymelite.	Cap. XXII
368	Liber quintus	334	De Oxalme. C. XXII. De Thymoxalme.	Cap. XXIIII
368	Liber quintus	334	De aceto Scillino.	Cap. XXV
369	Liber quintus	335	De Scillino vino.	Cap. XXVI
370	Liber quintus	336	De vinis aqua marina factis.	Cap. XXVII
370	Liber quintus	336	De vino Cydomite.	Cap. XXVIII
371	Liber quintus	337	De Melomelite.	Cap. XXIX
371	Liber quintus	337	De Hydromelo.	Cap. XXX
371	Liber quintus	337	De Omphacomelite.	Cap. XXXI
371	Liber quintus	337	De vino Apite.	Cap. XXXII
371	Liber quintus	337	De Oenanthino.	Cap. XXXIII
371	Liber quintus	337	De vino Rhoite.	Cap. XXXIIII
372	Liber quintus	338	De vino Rhodite.	Cap. XXXV
372	Liber quintus	338	De vino Myrtite.	Cap. XXXVI
372	Liber quintus	338	De vino Myrsinite. C. XXXVII. De Lentiscino vino. C. XXXVIII	
373	Liber quintus	339	De vino Terebinthino. C. XXXIX. De vino Palmeo.	Cap. XL
373	Liber quintus	339	De vino Catorchite.	Cap. XLI
374	Liber quintus	340	De vino è Sycomoris  factitio.	Cap. XLII
374	Liber quintus	340	De vino Resinato.	Cap. XLIII
374	Liber quintus	340	De vino Strobilite.	Cap. XLIIII
374	Liber quintus	340	De Cedrino vino, et alijs.	Cap. XLV
375	Liber quintus	341	De Iuniperino vino.	Cap. XLVI
375	Liber quintus	341	De Cedrite.	Cap. XLVII
375	Liber quintus	341	De vino Picato.	Cap. XLVIII
376	Liber quintus	342	De vino absinthite.	Cap. XLIX
376	Liber quintus	342	De vino Hyssopite.	Cap. L
377	Liber quintus	343	De vino Chamaedryite.	Cap. LI
377	Liber quintus	343	De vino Stoechadite.	Cap. LII
377	Liber quintus	343	De aceto è Stoechade.	Cap. LIII
377	Liber quintus	343	De vino è Betonica.	Cap. LIIII
377	Liber quintus	343	De vino Tragoriganite.	Cap. LV
378	Liber quintus	344	De vino Bunite.Cap. LVI	
378	Liber quintus	344	De vino Dictamnite.Cap. LVII	
378	Liber quintus	344	De vino Prasite.C. LVIII. De vino Thymite.C. LIX. De vino Thymbrite.C. LX. De vino Origanite.C. LXI. De vinis C. LXII. De vino Conyzite.C. LXIII. De vino Aromatite.C. LXIIII	
379	Liber quintus	345	De vino ex myrrha, piprer et iride.	Cap. LXV
379	Liber quintus	345	De vino Nectarite.	Cap. LXVI
379	Liber quintus	345	De vino è Nardo Syriaco, Celtico et Malabathro.	Cap. LXVII
380	Liber quintus	346	De vino Asarite. C. LXVIII. De vino è sylvestri nardo.	Cap. LXIX
380	Liber quintus	346	De vino Daucite.	Cap. LXX
380	Liber quintus	346	De vino è Salvia.	Cap. LXXI
380	Liber quintus	346	De vino Panacite.	Cap. LXXII
380	Liber quintus	346	De vino Acorite.	Cap. LXXIII
381	Liber quintus	347	De vino Selinite.	Cap. LXXIIII
381	Liber quintus	347	De vinis Marathrite et Anethino.	Cap. LXXV
381	Liber quintus	347	De vino è Salis flore. C. LXXVI. De vino Phthorio, seu Abortivo.	Cap. LXXVII
381	Liber quintus	347	De vino Thymelaite. C. LXXVIII. De vino Chamaelaite. C. LXXXIX. De vino Chamaepityino. C. LXXX	
382	Liber quintus	348	De Mandragorite.	Cap. LXXXI
382	Liber quintus	348	De Elleborite.	Cap. LXXXII
383	Liber quintus	349	De Scammonite.	Cap. LXXXIII
383	Liber quintus	349	De Metallicis omnibus, et primum de Cadmia.	Cap. LXXXIIII
385	Liber quintus	351	De Pompholyge.	Cap. LXXXV
387	Liber quintus	353	De Antispodis, hoc est, Spodi succedaneis.	Cap. LXXXVI
388	Liber quintus	354	De Aere usto.	Cap. LXXXVII
389	Liber quintus	355	De Flore aeris.	Cap. LXXXVIII
389	Liber quintus	355	De Squamma aeris. C. LXXXIX	
390	Liber quintus	356	De Squamma stomomatis.	Cap. XC
390	Liber quintus	356	De Aerugine rasili.	Cap. XCI
391	Liber quintus	357	De Aerugine Scolecia.	Cap. XCII
393	Liber quintus	359	De ferrugine, seu ferri rubigine.	Cap. XCIII
393	Liber quintus	359	De recremento, sive scoria ferri.	Cap. XCIIII
393	Liber quintus	359	De Plumbi lotura.	Cap. XCV
394	Liber quintus	360	De Plumbo usto.	Cap. XCVI
394	Liber quintus	360	De Scoria plumbi.	Cap. XCVII
395	Liber quintus	361	De Lapide plumbario.	Cap. XCVIII
395	Liber quintus	361	De Stibio.	Cap. XCIX
395	Liber quintus	361	De Molybdaena seu plumbagine.	Cap. C
396	Liber quintus	362	De argenti Scoria.	Cap. CI
396	Liber quintus	362	De argenti spuma.	Cap. CII
398	Liber quintus	364	De Cerussa.	Cap. CIII
399	Liber quintus	365	De Chrysocolla.	Cap. CIIII
400	Liber quintus	366	De Armenio.	Cap. CV
400	Liber quintus	366	De Cyano sive caeruleo.	Cap. CVI
400	Liber quintus	366	De Indico.	Cap. CVII
401	Liber quintus	367	De Ochra.	Cap. CVIII
401	Liber quintus	367	De Cinnabari.	Cap. CIX
401	Liber quintus	367	De Hydrargyro, seu argento vivo.	Cap. CX
402	Liber quintus	368	De rubrica Sinopica.	Cap. CXI
402	Liber quintus	368	De Rubrica fabrili.	Cap. CXII
402	Liber quintus	368	De Lemnia terra.	Cap. CXIII
403	Liber quintus	369	De Atramento sutorio.	Cap. CXIIII
403	Liber quintus	369	De Chalciti.	Cap. CXV
404	Liber quintus	370	De Psorico.	Cap. CXVI
404	Liber quintus	370	De Misy.	Cap. CXVII
405	Liber quintus	371	De Melanteria seu atramento metallico.	Cap. CXVIII
405	Liber quintus	371	De Sory.	Cap. CXIX
405	Liber quintus	371	De Diphryge.	Cap. CXX
406	Liber quintus	372	De Arsenico seu auripigmento.	Cap. CXXI
407	Liber quintus	373	De Sandaracha.	Cap. CXXII
407	Liber quintus	373	De Alumine.	Cap. CXXIII
408	Liber quintus	374	De Sulphure.	Cap. CXXIIII
409	Liber quintus	375	De Pumice.	Cap. CXXV
410	Liber quintus	376	De Sale.	Cap. CXXVI
411	Liber quintus	377	De Spuma salis, seu spuma maris arida.	Cap. CXXVII
411	Liber quintus	377	De Muria, seu Salsugine.	Cap. CXXVIII
411	Liber quintus	377	De flore Salis.	Cap. CXXIX
412	Liber quintus	378	De Nitro.	Cap. CXXX
412	Liber quintus	378	De Spuma nitri.	Cap. CXXXI
413	Liber quintus	379	De Faece.	Cap. CXXXII
413	Liber quintus	379	De Calce vina.	Cap. CXXXIII
414	Liber quintus	380	De Gypso.	Cap. CXXXIIII
414	Liber quintus	380	De Sarmentitio cinere.	Cap. CXXXV
414	Liber quintus	380	De Alcyonio.	Cap. CXXXVI
415	Liber quintus	381	De Adarce.	Cap. CXXXVII
415	Liber quintus	381	De Spongijs.	Cap. CXXXVIII
416	Liber quintus	382	De Corallio.	Cap. CXXXIX
416	Liber quintus	382	De Antipathe.	Cap. CXL
417	Liber quintus	383	De Phrygio lapide.	Cap. CXLI
417	Liber quintus	383	De Asio lapide.	Cap. CXLII
418	Liber quintus	384	De Pyrite lapide.	Cap. CXLIII
418	Liber quintus	384	De Hamatite lapide.	Cap. CXLIIII
419	Liber quintus	385	De Schisto, seu Sissli lapide.	Cap. CXLV
419	Liber quintus	385	De Gagate lapide.	Cap. CXLVI
420	Liber quintus	386	De lapide Thracio.	Cap. CXLVII
420	Liber quintus	386	De Magnete.	Cap. CXLVIII
420	Liber quintus	386	De Arabico lapide.	Cap. CXLIX
420	Liber quintus	386	De Galactite lapide.	Cap. CL
420	Liber quintus	386	De Melitite lapide.	Cap. CLI
420	Liber quintus	386	De Morochtho lapide.	Cap. CLII
421	Liber quintus	387	De Alabastrite lapide.	Cap. CLIII
421	Liber quintus	387	De Thyite lapide.	Cap. CLIIII
421	Liber quintus	387	De lapide Iudaico.	Cap. CLV
421	Liber quintus	387	De lapide Amianto.	Cap. CLVI
421	Liber quintus	387	De Sapphiro lapide.	Cap. CLVII
422	Liber quintus	388	De lapide Memphite.	Cap. CLVIII
422	Liber quintus	388	De lapide Selenite.	Cap. CLIX
422	Liber quintus	388	De Iaspide.	Cap. CLX
422	Liber quintus	388	De Aëtite lapide.	Cap. CLXI
423	Liber quintus	389	De lapide Ophite.	Cap. CLXII
423	Liber quintus	389	De Spongiarum lapidibus.	Cap. CLXIII
423	Liber quintus	389	De Lithocolla.	Cap. CLXIIII
423	Liber quintus	389	De Ostracite lapide.	Cap. CLXV
423	Liber quintus	389	De Smyride.	Cap. CLXVI
423	Liber quintus	389	De Arena.	Cap. CLXVII
423	Liber quintus	389	De Cote.	Cap. CLXVIII
424	Liber quintus	390	De Geode lapide.	Cap. CLXIX
424	Liber quintus	390	De Terra.	Cap. CLXX
424	Liber quintus	390	De Terra Eretria.	Cap. CLXXI
424	Liber quintus	390	De Terra Samia.	Cap. CLXXII
425	Liber quintus	391	De lapide Samio.	Cap. CLXXIII
425	Liber quintus	391	De terra Chia.	Cap. CLXXIIII
425	Liber quintus	391	De terra Selinusia.	Cap. CLXXV
425	Liber quintus	391	De Cimolia terra.	Cap. CLXXVI
425	Liber quintus	391	De terra Pnigitide. C. CLXXVII	
426	Liber quintus	392	De Testis.	Cap. CLXXVIII
426	Liber quintus	392	De terra Fornacum. C. CLXXIX. De terra Melia.	Cap. CLXXX
426	Liber quintus	392	De terra Ampelitide.	Cap. CLXXXI
427	Liber quintus	393	De Fuligine pictoria.	Cap. CLXXXII
427	Liber quintus	393	De Atramento librario.	Cap. CLXXXIII
435	Liber venenis	402	De Cantharidibus.	Cap. I
436	Liber venenis	403	De Pinorum erucis.	Cap. II
436	Liber venenis	403	De Bupresti.	Cap. III
437	Liber venenis	404	De Salamandra.	Cap. IIII
437	Liber venenis	404	De Ephemero.	Cap. V
438	Liber venenis	405	De Dorycnio.	Cap. VI
438	Liber venenis	405	De Aconito.	Cap. VII
439	Liber venenis	406	De melle Heraclio.	Cap. VIII
439	Liber venenis	406	De Coriandro.	Cap. IX
439	Liber venenis	406	De Psyllio.	Cap. X
439	Liber venenis	406	De Cicuta.	Cap. XI
440	Liber venenis	407	De Taxo.	Cap. XII
440	Liber venenis	407	De Carpasi succo.	Cap. XIII
440	Liber venenis	407	De Sardonia herba.	Cap. XIIII
440	Liber venenis	407	De Hyoscyamo.	Cap. XV
441	Liber venenis	408	De Mandragora.	Cap. XVI
441	Liber venenis	408	De Papaveris liquore.	Cap. XVII
442	Liber venenis	409	De Corniculato papavere.	Cap. XVIII
442	Liber venenis	409	De Pharico.	Cap. XIX
442	Liber venenis	409	De Toxico.	Cap. XX
442	Liber venenis	409	De Ixia.	Cap. XXI
443	Liber venenis	410	De Cerussa.	Cap. XXII
443	Liber venenis	410	De Fungis.	Cap. XXIII
444	Liber venenis	411	De Gypso.	Cap. XXIIII
444	Liber venenis	411	De Taurino sanguine.	Cap. XXV
445	Liber venenis	412	De Lacte intus coagulato.	Cap. XXVI
445	Liber venenis	412	De Argenti spuma.	Cap. XXVII
445	Liber venenis	412	De Argento vivo.	Cap. XXVIII
445	Liber venenis	412	De Calce, Sandraracha et Auripigmento.	Cap. XXIX
446	Liber venenis	413	De Lepore marino.	Cap. XXX
446	Liber venenis	413	De Rubeta et rana palustri.	Cap. XXXI
446	Liber venenis	413	De Hirundine.	Cap. XXXII
447	Liber venenis	414	De veratro albo, thapsia, elaterio et similibus.	Cap. XXXIII
447	Liber venenis	414	De aqua frigida et caeteris quae itidenobis domestica et in quotidiano vitae usu sunt.	Cap. XXXIIII
455	Liber venenatis	422	Signa rabiosi canis, eorumque qui ab eo demorsi fuerint.	Cap. I
456	Liber venenatis	423	Morsus rabidi canis particularia remedia.	Cap. II
458	Liber venenatis	425	De victus ratione demorsorum à cane rabioso.	Cap. III
460	Liber venenatis	427	De Phalangijs.	Cap. IIII
460	Liber venenatis	427	De Scolopendra.	Cap. V
460	Liber venenatis	427	De Scorpione.	Cap. VI
461	Liber venenatis	428	De Pastinaca marina.	Cap. VII
461	Liber venenatis	428	De Mure Araneo.	Cap. VIII
461	Liber venenatis	428	De Vipera.	Cap. IX
462	Liber venenatis	429	De Scytale et Amphisbaena.	Cap. X
462	Liber venenatis	429	De Dryina.	Cap. XI
462	Liber venenatis	429	De Haemorrhoo.	Cap. XII
462	Liber venenatis	429	De Dipsade.	Cap. XIII
462	Liber venenatis	429	De Natrice.	Cap. XIIII
462	Liber venenatis	429	De Cenchro.	Cap. XV
463	Liber venenatis	430	De Ceraste.	Cap. XVI
463	Liber venenatis	430	De Aspide.	Cap. XVII
463	Liber venenatis	430	De Basilisco seu Regulo.	Cap. XVIII
464	Liber venenatis	431	Communis vulnerum à venenatis animantibus inflictorum curatio.	Cap. XIX
466	Liber venenatis	433	Curatio à Vespis et apibus morsorum.	Cap. XX
467	Liber venenatis	434	Curatio à Phalangijs morsorum.	Cap. XXI
467	Liber venenatis	434	De Scolopendrae morsu.	Cap. XXII
467	Liber venenatis	434	De Scorpionis ictu.	Cap. XXIII
468	Liber venenatis	435	De Pastinacae marinae ictu.	Cap. XXIIII
468	Liber venenatis	435	De marinorum Scorpij Draconisque ictibus.	Cap. XXV
469	Liber venenatis	436	De Muris aranei morsu.	Cap. XXVI
469	Liber venenatis	436	De Viperae morsu.	Cap. XXVII
470	Liber venenatis	437	De Amphisbaenae morsu.	Cap. XXVIII
470	Liber venenatis	437	De morsu Dryini.	Cap. XXIX
470	Liber venenatis	437	De morsu tum Haemorrhoi, tum etiam Dipsadis.	Cap. XXX
471	Liber venenatis	438	De morsu Natricis.	Cap. XXXI
471	Liber venenatis	438	De Cenchridij morsu.	Cap. XXXII
472	Liber venenatis	439	De morsu Cerastae.	Cap. XXXIII
472	Liber venenatis	439	De morsu Aspidis.	Cap. XXXIIII
472	Liber venenatis	439	De Basilisci morsu.	Cap. XXXV
473	Liber venenatis	440	I. A. Saracenus lectori s	
474	Liber venenatis	441	Inter Dioscoridis verba, haec in quibusdam codicibus falso adscripta reperiebantur	
